id,year,industryType,companyCount,ownerMaleRate,ownerFemaleRate,singlePropCompanyRate,multiBusinessCompanyRate,U1D5CompanyRate,U5D10CompanyRate,U10D20CompanyRate,U20D50CompanyRate,U50D100CompanyRate,U100D300CompanyRate,U300CompanyRate,workerCount,workerMaleRate,workerFemaleRate,singlePropWorkerRate,multiBusinessWorkerRate,selfEmpFamilyWorkerRate,fulltimeWorkerRate,dayWorkerRate,etcWorkerRate,U1D5WorkerRate,U5D10WorkerRate,U10D20WorkerRate,U20D50WorkerRate,U50D100WorkerRate,U100D300WorkerRate,U300WorkerRate,avgAge,avgServYear,avgWorkDay,avgTotalWorkTime,avgRegularWorkDay,avgOverWorkDay,avgSalary,avgFixedSalary,avgOvertimeSalary,avgBonusSalary
1,2009,전체,3281886,0.628,0.372,0.95,0.05,0.829,0.097,0.04,0.022,0.007,0.003,0.001,16160266,0.583,0.417,0.715,0.285,0.218,0.6,0.131,0.051,0.302,0.125,0.108,0.135,0.101,0.107,0.121,38.5,6.2,22.8,194.8,180.4,14.3,2270,2115,156,5281
2,2009,농업임업및어업,2336,0.931,0.069,0.766,0.234,0.373,0.243,0.216,0.128,0.03,0.009,0,30238,0.765,0.235,0.631,0.369,0.002,0.671,0.198,0.129,0.066,0.125,0.221,0.297,0.163,0.097,0.03,42.8,8.2,23.3,186.1,181.6,4.5,2332,2290,42,5894
3,2009,광업,1817,0.921,0.079,0.892,0.108,0.652,0.14,0.117,0.076,0.012,0.001,0.002,16571,0.877,0.123,0.583,0.417,0.113,0.805,0.079,0.004,0.166,0.103,0.179,0.243,0.089,0,0.219,45.7,8,23.3,194.8,177.4,17.5,2472,2298,174,5141
4,2009,제조업,328565,0.823,0.177,0.942,0.058,0.643,0.18,0.092,0.058,0.016,0.009,0.002,3262933,0.735,0.265,0.612,0.388,0.103,0.809,0.084,0.004,0.132,0.12,0.124,0.175,0.11,0.145,0.193,38,6.6,23.2,202.7,178.1,24.5,2163,1908,255,6099
5,2009,전기가스수도하수,6593,0.901,0.099,0.763,0.237,0.358,0.24,0.161,0.158,0.057,0.022,0.005,134599,0.867,0.133,0.509,0.491,0.015,0.92,0.059,0.007,0.045,0.079,0.109,0.242,0.192,0.176,0.157,42,9.8,22.9,194.3,178.6,15.7,2855.1,2616.5,238.5,8974.5
6,2009,건설업,97391,0.88,0.12,0.915,0.085,0.578,0.212,0.122,0.064,0.014,0.008,0.002,902802,0.872,0.128,0.753,0.247,0.073,0.561,0.348,0.019,0.127,0.151,0.175,0.202,0.102,0.136,0.107,40.3,4.9,23.1,189.8,183.3,6.5,2289,2210,79,3170
7,2009,도매및소매업,858619,0.602,0.398,0.947,0.053,0.892,0.073,0.023,0.009,0.002,0.001,0,2618346,0.546,0.454,0.764,0.236,0.393,0.423,0.118,0.067,0.531,0.149,0.098,0.087,0.044,0.057,0.035,36.6,5.4,23.1,192.2,185.5,6.7,2216,2151,65,4421
8,2009,운수및창고업,343986,0.956,0.044,0.972,0.028,0.947,0.022,0.013,0.01,0.005,0.004,0,976105,0.9,0.1,0.73,0.27,0.336,0.565,0.045,0.054,0.363,0.05,0.061,0.104,0.115,0.215,0.092,44.6,6.8,22.4,201,177.6,23.3,1958,1690,268,4396
9,2009,숙박및음식점업,628624,0.342,0.658,0.988,0.012,0.899,0.081,0.015,0.004,0.001,0,0,1755201,0.336,0.664,0.918,0.082,0.514,0.207,0.26,0.02,0.669,0.175,0.066,0.043,0.02,0.011,0.015,37.5,3.3,23.8,206.2,196.6,9.6,1564,1484,80,1646
10,2009,정보통신업,24306,0.86,0.14,0.835,0.165,0.462,0.232,0.133,0.105,0.039,0.024,0.006,432928,0.714,0.286,0.602,0.398,0.02,0.889,0.074,0.017,0.063,0.084,0.1,0.178,0.151,0.216,0.208,36.4,7.7,22.3,182.7,174.9,7.8,2942,2840,103,6445
11,2009,금융및보험업,38408,0.887,0.113,0.254,0.746,0.261,0.24,0.269,0.174,0.042,0.011,0.004,692071,0.475,0.525,0.111,0.889,0.008,0.594,0.028,0.37,0.034,0.093,0.197,0.297,0.148,0.091,0.139,36.7,10.3,21.9,178.5,173.8,4.6,3011,2922,90,13648
12,2009,부동산업시설관리지원임대,160314,0.714,0.286,0.916,0.084,0.791,0.104,0.054,0.032,0.009,0.007,0.003,1156852,0.591,0.409,0.679,0.321,0.111,0.69,0.142,0.058,0.187,0.093,0.098,0.132,0.089,0.163,0.238,41,4.7,21.6,202.3,190.2,12.1,1933.6,1815.7,117.9,3653.9
13,2009,전문과학및기술서비스업,67721,0.894,0.106,0.862,0.138,0.606,0.23,0.086,0.049,0.016,0.01,0.004,732048,0.701,0.299,0.522,0.478,0.068,0.872,0.05,0.01,0.131,0.133,0.104,0.134,0.102,0.153,0.243,36.6,5.4,22.2,181.1,175.7,5.4,2944,2874,70,4892
14,2009,교육서비스업,162601,0.462,0.538,0.962,0.038,0.749,0.11,0.055,0.044,0.035,0.005,0.001,1363740,0.386,0.614,0.846,0.154,0.109,0.66,0.157,0.074,0.161,0.084,0.089,0.165,0.289,0.084,0.128,40.5,7.6,22.2,177.6,172.6,5,2707,2655,53,3294
15,2009,보건업및사회복지서비스업,99899,0.597,0.403,0.975,0.025,0.527,0.299,0.108,0.042,0.015,0.006,0.002,981216,0.234,0.766,0.823,0.177,0.084,0.817,0.076,0.023,0.162,0.191,0.143,0.129,0.106,0.098,0.171,35.7,4.7,23,190,181.7,8.4,2009,1914,94,3960
16,2009,오락문화및운동관련서비스업,101955,0.592,0.408,0.988,0.012,0.929,0.043,0.013,0.008,0.003,0.003,0,321267,0.554,0.446,0.85,0.15,0.385,0.306,0.237,0.072,0.519,0.084,0.056,0.08,0.063,0.148,0.05,37.6,4.7,21.5,185.5,172.9,12.6,1957,1807,150,4027
17,2009,기타공공수리및개인서비스업,358751,0.583,0.417,0.983,0.017,0.933,0.043,0.016,0.006,0.001,0,0,783349,0.536,0.464,0.918,0.082,0.398,0.435,0.105,0.062,0.63,0.123,0.096,0.085,0.037,0.023,0.005,38.9,5.1,23.8,195.3,190.4,4.8,1904,1846,58,3013
18,2010,전체,3343590,0.627,0.373,0.948,0.052,0.838,0.084,0.042,0.024,0.008,0.004,0.001,16984079,0.585,0.415,0.693,0.307,0.209,0.597,0.143,0.051,0.299,0.108,0.109,0.14,0.105,0.109,0.13,39,6.2,22.5,192.8,177.6,15.2,2360,2192,169,5095
19,2010,농업임업및어업,2253,0.923,0.077,0.743,0.257,0.386,0.243,0.204,0.125,0.032,0.01,0,29433,0.743,0.257,0.598,0.402,0.001,0.64,0.199,0.161,0.071,0.125,0.207,0.288,0.166,0.113,0.03,43.6,9,22.6,183.6,178.9,4.7,2483,2439,44,6175
20,2010,광업,1752,0.91,0.09,0.908,0.092,0.681,0.102,0.117,0.086,0.01,0.002,0.002,15981,0.88,0.12,0.632,0.368,0.121,0.79,0.083,0.006,0.186,0.076,0.181,0.273,0.071,0.036,0.177,46.7,8.8,23.3,192.7,174.9,17.8,2621,2417,204,4940
21,2010,제조업,336908,0.82,0.18,0.945,0.055,0.659,0.156,0.095,0.062,0.017,0.009,0.002,3422439,0.735,0.265,0.615,0.385,0.1,0.813,0.084,0.004,0.136,0.104,0.126,0.182,0.116,0.144,0.191,38.6,6.5,23,202.7,175.6,27.1,2274,1987,287,5996
22,2010,전기가스수도하수,6947,0.899,0.101,0.764,0.236,0.381,0.217,0.163,0.161,0.054,0.02,0.005,135694,0.869,0.131,0.492,0.508,0.016,0.926,0.055,0.003,0.049,0.074,0.114,0.254,0.191,0.163,0.154,42.6,10.4,22.6,191.9,176.6,15.3,2960.8,2708,253.3,9367.7
23,2010,건설업,98859,0.868,0.132,0.944,0.056,0.582,0.176,0.123,0.082,0.022,0.011,0.003,1176826,0.885,0.115,0.762,0.238,0.056,0.459,0.467,0.018,0.099,0.099,0.139,0.206,0.125,0.148,0.184,40.7,5.4,22.9,189.3,182.4,6.9,2418,2321,97,3190
24,2010,도매및소매업,873632,0.599,0.401,0.948,0.052,0.9,0.064,0.023,0.01,0.002,0.001,0,2618185,0.543,0.457,0.773,0.227,0.392,0.426,0.116,0.067,0.548,0.135,0.102,0.091,0.045,0.051,0.028,36.8,5.2,22.7,189.1,182.8,6.3,2339,2270,68,4300
25,2010,운수및창고업,347289,0.96,0.04,0.973,0.027,0.949,0.019,0.013,0.011,0.004,0.004,0,989773,0.907,0.093,0.713,0.287,0.335,0.535,0.043,0.087,0.363,0.043,0.064,0.115,0.107,0.205,0.102,45.3,6.9,22.2,201.2,175.1,26.1,2040,1748,291,4094
26,2010,숙박및음식점업,636278,0.35,0.65,0.987,0.013,0.916,0.062,0.015,0.004,0.001,0,0,1760917,0.342,0.658,0.917,0.083,0.514,0.21,0.26,0.017,0.694,0.142,0.071,0.047,0.023,0.012,0.012,37.8,3.4,23.4,202.3,192.9,9.4,1582,1503,79,1590
27,2010,정보통신업,26299,0.857,0.143,0.859,0.141,0.488,0.213,0.133,0.101,0.036,0.023,0.006,464158,0.715,0.285,0.589,0.411,0.021,0.883,0.077,0.019,0.065,0.078,0.101,0.176,0.141,0.206,0.232,36.6,7.5,21.7,179.1,170.6,8.5,3058,2949,109,6223
28,2010,금융및보험업,39485,0.886,0.114,0.231,0.769,0.268,0.241,0.268,0.17,0.04,0.01,0.004,714769,0.458,0.542,0.093,0.907,0.008,0.599,0.031,0.362,0.034,0.093,0.195,0.291,0.141,0.081,0.164,37.3,10.4,21,172.7,167.7,5,3136,3042,94,13294
29,2010,부동산업시설관리지원임대,162274,0.706,0.294,0.912,0.088,0.792,0.099,0.055,0.033,0.01,0.008,0.003,1247898,0.578,0.422,0.628,0.372,0.104,0.695,0.146,0.055,0.177,0.084,0.095,0.126,0.093,0.169,0.256,41.5,4.6,21.5,197,185.6,11.4,1955.7,1838.3,118.2,3162.2
30,2010,전문과학및기술서비스업,70372,0.888,0.112,0.859,0.141,0.624,0.208,0.089,0.05,0.016,0.01,0.004,769087,0.704,0.296,0.482,0.518,0.066,0.857,0.063,0.014,0.132,0.121,0.108,0.137,0.099,0.151,0.252,36.9,5.4,21.6,177.2,171.7,5.5,2974,2901,73,4853
31,2010,교육서비스업,166527,0.467,0.533,0.944,0.056,0.758,0.099,0.055,0.045,0.035,0.007,0.001,1430894,0.376,0.624,0.732,0.268,0.107,0.664,0.162,0.067,0.159,0.074,0.087,0.16,0.291,0.101,0.128,40.7,7.6,21.8,178,172.6,5.4,2776,2721,55,3316
32,2010,보건업및사회복지서비스업,108081,0.579,0.421,0.948,0.052,0.545,0.269,0.115,0.046,0.016,0.007,0.002,1097838,0.221,0.779,0.748,0.252,0.082,0.81,0.089,0.019,0.166,0.169,0.147,0.136,0.112,0.107,0.162,36.2,4.7,23,189.3,180.4,8.8,2101,1998,103,3834
33,2010,오락문화및운동관련서비스업,101745,0.588,0.412,0.987,0.013,0.937,0.035,0.014,0.009,0.003,0.003,0,319954,0.552,0.448,0.842,0.158,0.387,0.316,0.236,0.061,0.526,0.07,0.058,0.087,0.064,0.131,0.064,38,4.9,21.9,183.8,171.4,12.4,2014,1863,151,3794
34,2010,기타공공수리및개인서비스업,364889,0.576,0.424,0.971,0.029,0.94,0.035,0.016,0.007,0.001,0,0,790233,0.53,0.47,0.893,0.107,0.399,0.423,0.11,0.068,0.639,0.104,0.097,0.091,0.041,0.024,0.004,39.1,4.7,23.6,192.6,187.2,5.4,1921,1861,59,2681
35,2011,전체,3458120,0.624,0.376,0.947,0.053,0.832,0.091,0.042,0.023,0.007,0.003,0.001,17456708,0.582,0.418,0.702,0.298,0.207,0.617,0.128,0.047,0.298,0.118,0.11,0.137,0.1,0.107,0.131,39.6,6.1,22.2,189.3,173.4,15.9,2454,2268,186,5537
36,2011,농업임업및어업,2363,0.915,0.085,0.768,0.232,0.375,0.242,0.203,0.138,0.031,0.011,0,31235,0.748,0.252,0.629,0.371,0.001,0.701,0.203,0.095,0.065,0.127,0.203,0.301,0.164,0.113,0.025,43.5,8.7,22.1,178.7,174.6,4.1,2509,2466,43,6693
37,2011,광업,1781,0.9,0.1,0.906,0.094,0.679,0.122,0.114,0.07,0.011,0.002,0.002,15428,0.873,0.127,0.634,0.366,0.129,0.784,0.076,0.012,0.192,0.095,0.18,0.235,0.088,0.031,0.178,46.9,8.2,23.4,203.4,176.9,26.5,2745,2390,356,5090
38,2011,제조업,351346,0.817,0.183,0.947,0.053,0.65,0.17,0.091,0.061,0.017,0.009,0.002,3625989,0.737,0.263,0.621,0.379,0.096,0.831,0.069,0.004,0.131,0.111,0.118,0.176,0.114,0.145,0.206,39.2,6.6,22.8,203.7,172.4,31.3,2352,2000,352,6903
39,2011,전기가스수도하수,7505,0.893,0.107,0.775,0.225,0.398,0.22,0.158,0.151,0.05,0.018,0.004,139480,0.859,0.141,0.503,0.497,0.017,0.929,0.05,0.005,0.054,0.079,0.117,0.251,0.183,0.161,0.155,42.7,10,22.3,189.8,174.2,15.6,3012,2766.5,245,9653.6
40,2011,건설업,106059,0.86,0.14,0.943,0.057,0.582,0.209,0.122,0.059,0.015,0.009,0.003,1117786,0.879,0.121,0.764,0.236,0.06,0.515,0.406,0.019,0.113,0.132,0.153,0.164,0.097,0.139,0.201,41.5,4.8,22.3,181.5,175,6.6,2536,2454,82,3406
41,2011,도매및소매업,901399,0.595,0.405,0.946,0.054,0.897,0.067,0.024,0.009,0.002,0.001,0,2689305,0.54,0.46,0.779,0.221,0.388,0.442,0.108,0.061,0.549,0.143,0.103,0.09,0.041,0.048,0.025,37.3,4.9,22.4,186.2,177.4,8.8,2389,2290,99,4483
42,2011,운수및창고업,354142,0.951,0.049,0.973,0.027,0.948,0.02,0.013,0.01,0.004,0.004,0,998457,0.887,0.113,0.713,0.287,0.337,0.544,0.042,0.077,0.367,0.047,0.064,0.111,0.104,0.204,0.102,44.3,7.2,22.2,189.4,172.5,16.9,2195,1988,207,5120
43,2011,숙박및음식점업,654892,0.354,0.646,0.985,0.015,0.908,0.07,0.017,0.004,0.001,0,0,1834978,0.348,0.652,0.916,0.084,0.508,0.228,0.251,0.013,0.679,0.158,0.075,0.046,0.019,0.012,0.011,38.5,3.4,22.9,197,187.6,9.4,1653,1561,92,1774
44,2011,정보통신업,29902,0.853,0.147,0.871,0.129,0.496,0.224,0.129,0.094,0.032,0.02,0.005,476412,0.712,0.288,0.624,0.376,0.022,0.896,0.061,0.021,0.072,0.092,0.107,0.18,0.141,0.199,0.208,35.8,6.5,21.3,173.6,167.6,6,3171,3094,77,5792
45,2011,금융및보험업,40814,0.881,0.119,0.235,0.765,0.269,0.236,0.273,0.17,0.038,0.011,0.004,726870,0.456,0.544,0.096,0.904,0.008,0.606,0.03,0.357,0.035,0.094,0.201,0.294,0.136,0.089,0.151,37.5,10.2,21.1,171.6,167.6,4,3344,3262,82,14513
46,2011,부동산업시설관리지원임대,170505,0.701,0.299,0.913,0.087,0.785,0.105,0.056,0.034,0.01,0.007,0.003,1266197,0.582,0.418,0.677,0.323,0.103,0.712,0.136,0.049,0.183,0.092,0.1,0.136,0.089,0.162,0.238,44.3,4.6,21.5,192,181.5,10.5,2021.4,1897.1,124.3,2986.6
47,2011,전문과학및기술서비스업,76792,0.883,0.117,0.859,0.141,0.626,0.212,0.088,0.048,0.014,0.009,0.003,788454,0.697,0.303,0.514,0.486,0.068,0.87,0.053,0.009,0.14,0.133,0.113,0.139,0.095,0.147,0.233,37.4,5.9,21.3,174,167.8,6.1,3119,3031,88,5799
48,2011,교육서비스업,170575,0.464,0.536,0.945,0.055,0.763,0.098,0.054,0.042,0.035,0.006,0.001,1438462,0.38,0.62,0.732,0.268,0.106,0.683,0.145,0.066,0.163,0.076,0.087,0.156,0.289,0.094,0.135,40.7,8.1,21.4,171.4,166.9,4.5,2981,2928,53,3509
49,2011,보건업및사회복지서비스업,114578,0.568,0.432,0.947,0.053,0.537,0.276,0.114,0.048,0.016,0.007,0.002,1159592,0.221,0.779,0.749,0.251,0.083,0.821,0.077,0.019,0.164,0.176,0.146,0.142,0.107,0.107,0.157,37.4,4.2,22.3,180.7,172.9,7.8,2125,2024,101,3127
50,2011,오락문화및운동관련서비스업,103675,0.586,0.414,0.986,0.014,0.925,0.044,0.015,0.01,0.003,0.003,0,332939,0.545,0.455,0.844,0.156,0.367,0.334,0.233,0.066,0.509,0.087,0.063,0.092,0.063,0.129,0.057,38.1,5,22.1,183.1,169.9,13.2,2131,1965,166,3456
51,2011,기타공공수리및개인서비스업,371792,0.569,0.431,0.972,0.028,0.936,0.038,0.017,0.007,0.001,0,0,815124,0.525,0.475,0.901,0.099,0.39,0.452,0.103,0.055,0.628,0.114,0.101,0.094,0.036,0.023,0.004,41.5,4.9,22.9,183.3,177.5,5.8,1992,1920,72,3160
52,2012,전체,3590522,0.623,0.377,0.945,0.055,0.825,0.102,0.04,0.022,0.007,0.003,0.001,17931385,0.577,0.423,0.702,0.298,0.207,0.614,0.131,0.048,0.295,0.13,0.106,0.134,0.102,0.106,0.126,39.9,6.2,21.4,182.3,166.4,16,2567,2371,196,5170
53,2012,농업임업및어업,2388,0.905,0.095,0.751,0.249,0.401,0.24,0.192,0.13,0.025,0.012,0.001,30836,0.754,0.246,0.602,0.398,0.001,0.7,0.215,0.085,0.066,0.123,0.2,0.304,0.13,0.123,0.054,43.5,8.9,21.4,172.8,168.1,4.7,2584,2521,63,5428
54,2012,광업,1836,0.894,0.106,0.905,0.095,0.668,0.13,0.118,0.069,0.011,0.002,0.002,15473,0.872,0.128,0.658,0.342,0.122,0.772,0.098,0.008,0.197,0.099,0.193,0.226,0.086,0.038,0.161,47.9,8.9,22.6,196.1,168.2,28,2803,2428,376,5163
55,2012,제조업,371906,0.814,0.186,0.942,0.058,0.645,0.183,0.087,0.058,0.016,0.009,0.002,3718188,0.736,0.264,0.616,0.384,0.097,0.829,0.069,0.005,0.13,0.123,0.119,0.178,0.111,0.145,0.194,39.6,6.7,21.9,195.8,164.3,31.4,2503,2131,372,6640
56,2012,전기가스수도하수,8156,0.882,0.118,0.779,0.221,0.436,0.219,0.139,0.141,0.046,0.017,0.004,139821,0.86,0.14,0.508,0.492,0.019,0.93,0.046,0.004,0.06,0.084,0.111,0.258,0.183,0.158,0.146,42.9,10,21.4,180.5,166.7,13.8,3130.2,2889.7,240.5,7786.2
57,2012,건설업,111181,0.855,0.145,0.946,0.054,0.616,0.203,0.102,0.052,0.016,0.008,0.002,1059721,0.875,0.125,0.786,0.214,0.068,0.511,0.4,0.022,0.131,0.139,0.142,0.163,0.112,0.131,0.183,41.7,5.2,21.4,175.3,169,6.4,2636,2545,91,3229
58,2012,도매및소매업,939357,0.591,0.409,0.943,0.057,0.892,0.073,0.022,0.009,0.002,0.001,0,2782007,0.54,0.46,0.776,0.224,0.384,0.445,0.11,0.062,0.545,0.155,0.099,0.087,0.042,0.048,0.024,38.1,5.1,21.7,181.1,172.9,8.3,2481,2383,98,4216
59,2012,운수및창고업,364349,0.945,0.055,0.973,0.027,0.947,0.022,0.013,0.01,0.004,0.004,0,1012741,0.89,0.11,0.736,0.264,0.341,0.539,0.039,0.081,0.371,0.051,0.062,0.111,0.111,0.203,0.091,45,7.3,21.6,183.4,165.2,18.2,2356,2119,237,5393
60,2012,숙박및음식점업,673064,0.358,0.642,0.983,0.017,0.889,0.089,0.016,0.004,0.001,0,0,1909081,0.355,0.645,0.909,0.091,0.496,0.222,0.268,0.013,0.646,0.192,0.074,0.044,0.02,0.011,0.012,39.9,3.6,22.8,197.1,187.8,9.3,1705,1614,91,1545
61,2012,정보통신업,33779,0.848,0.152,0.881,0.119,0.551,0.204,0.11,0.082,0.029,0.019,0.005,493205,0.703,0.297,0.618,0.382,0.026,0.893,0.062,0.02,0.082,0.09,0.1,0.171,0.138,0.203,0.216,36,6.3,20.3,164.9,160.6,4.4,3197,3135,62,5117
62,2012,금융및보험업,41799,0.868,0.132,0.245,0.755,0.272,0.242,0.266,0.169,0.037,0.009,0.004,724771,0.457,0.543,0.096,0.904,0.008,0.592,0.032,0.368,0.036,0.098,0.202,0.304,0.137,0.081,0.142,37.6,10.1,20,164.5,159.8,4.7,3515,3421,94,13792
63,2012,부동산업시설관리지원임대,175688,0.697,0.303,0.909,0.091,0.786,0.109,0.053,0.032,0.01,0.008,0.003,1309797,0.574,0.426,0.667,0.333,0.1,0.703,0.151,0.046,0.183,0.094,0.094,0.127,0.093,0.169,0.239,42.9,4.4,20.7,185,173.3,11.7,2027.1,1899.9,127.2,2531.1
64,2012,전문과학및기술서비스업,84260,0.874,0.126,0.865,0.135,0.647,0.21,0.075,0.043,0.013,0.008,0.003,814647,0.693,0.307,0.511,0.489,0.071,0.87,0.049,0.01,0.148,0.138,0.103,0.133,0.096,0.136,0.246,37.4,6.1,20.3,166.7,161,5.6,3306,3230,76,5529
65,2012,교육서비스업,172289,0.464,0.536,0.943,0.057,0.759,0.105,0.052,0.041,0.035,0.007,0.001,1475660,0.379,0.621,0.727,0.273,0.103,0.667,0.159,0.071,0.159,0.078,0.082,0.149,0.29,0.101,0.141,41.1,8,20.2,163.7,159.1,4.6,2991,2938,53,2958
66,2012,보건업및사회복지서비스업,122764,0.55,0.45,0.941,0.059,0.49,0.323,0.114,0.047,0.017,0.007,0.002,1261722,0.213,0.787,0.746,0.254,0.082,0.816,0.083,0.019,0.145,0.197,0.144,0.139,0.112,0.11,0.154,38.3,4.5,21.6,174.4,166.2,8.2,2267,2153,114,2683
67,2012,오락문화및운동관련서비스업,104597,0.579,0.421,0.984,0.016,0.913,0.056,0.015,0.01,0.003,0.003,0,343790,0.542,0.458,0.838,0.162,0.353,0.329,0.25,0.068,0.488,0.106,0.062,0.092,0.06,0.132,0.059,38.3,4.8,22,180,166.4,13.6,2209,2036,173,3469
68,2012,기타공공수리및개인서비스업,383109,0.567,0.433,0.97,0.03,0.931,0.044,0.016,0.007,0.001,0,0,839925,0.524,0.476,0.899,0.101,0.384,0.457,0.1,0.059,0.624,0.128,0.096,0.092,0.039,0.02,0.002,42,4.5,22.1,175.7,169.1,6.6,2039,1961,77,2340
69,2013,전체,3664832,0.621,0.379,0.943,0.057,0.82,0.105,0.041,0.023,0.007,0.003,0.001,18528334,0.574,0.426,0.697,0.303,0.201,0.628,0.124,0.046,0.29,0.131,0.108,0.136,0.101,0.107,0.127,40.5,6.4,20.7,176.3,160.2,16,2660,2451,209,5482
70,2013,농업임업및어업,2655,0.896,0.104,0.76,0.24,0.369,0.26,0.199,0.137,0.025,0.009,0.001,34202,0.736,0.264,0.632,0.368,0,0.715,0.197,0.088,0.063,0.138,0.207,0.319,0.135,0.099,0.039,44.6,9.3,20.9,168.5,163.7,4.8,2714,2650,64,6152
71,2013,광업,1881,0.893,0.107,0.904,0.096,0.684,0.125,0.1,0.077,0.01,0.002,0.002,15415,0.873,0.127,0.649,0.351,0.128,0.789,0.077,0.007,0.202,0.101,0.167,0.268,0.083,0.025,0.154,48.3,8.6,21.9,188.6,162.4,26.3,2967,2582,385,5730
72,2013,제조업,382575,0.809,0.191,0.941,0.059,0.641,0.187,0.085,0.059,0.017,0.009,0.002,3825678,0.739,0.261,0.62,0.38,0.095,0.837,0.063,0.004,0.13,0.122,0.115,0.18,0.114,0.146,0.193,40.1,7,21.2,189,158.3,30.8,2635,2253,381,7336
73,2013,전기가스수도하수,8686,0.878,0.122,0.785,0.215,0.428,0.215,0.151,0.139,0.046,0.016,0.004,148698,0.859,0.141,0.51,0.49,0.019,0.932,0.043,0.006,0.059,0.083,0.12,0.253,0.182,0.156,0.147,43.2,10.1,20.6,175.5,160.7,14.9,3273.6,2995,279.1,7966.1
74,2013,건설업,118767,0.846,0.154,0.939,0.061,0.614,0.212,0.105,0.047,0.012,0.007,0.002,1045603,0.866,0.134,0.776,0.224,0.07,0.55,0.36,0.02,0.144,0.157,0.157,0.156,0.094,0.129,0.163,42.7,5.2,20.5,167.7,161.3,6.3,2722,2631,91,3321
75,2013,도매및소매업,957058,0.588,0.412,0.94,0.06,0.887,0.076,0.024,0.01,0.002,0.001,0,2885740,0.54,0.46,0.767,0.233,0.37,0.467,0.107,0.056,0.53,0.157,0.104,0.091,0.04,0.054,0.023,38.6,5.2,21,175.7,166.2,9.6,2556,2436,119,4166
76,2013,운수및창고업,371628,0.944,0.056,0.973,0.027,0.946,0.022,0.013,0.01,0.004,0.003,0,1015915,0.884,0.116,0.731,0.269,0.346,0.529,0.038,0.087,0.377,0.053,0.064,0.113,0.114,0.196,0.083,46,7.6,21.4,179.4,162.8,16.7,2427,2172,255,5178
77,2013,숙박및음식점업,685669,0.363,0.637,0.981,0.019,0.883,0.093,0.018,0.005,0.001,0,0,1986673,0.358,0.642,0.903,0.097,0.483,0.231,0.273,0.012,0.634,0.196,0.078,0.046,0.022,0.012,0.011,40.2,3.6,22.4,190.4,180.6,9.8,1770,1672,97,1613
78,2013,정보통신업,35290,0.842,0.158,0.888,0.112,0.555,0.2,0.112,0.08,0.03,0.019,0.005,509785,0.7,0.3,0.625,0.375,0.025,0.898,0.059,0.018,0.082,0.09,0.103,0.169,0.143,0.206,0.209,36.7,6.8,19.3,157.9,153,4.9,3389,3315,74,5517
79,2013,금융및보험업,41609,0.863,0.137,0.244,0.756,0.279,0.247,0.258,0.168,0.035,0.009,0.004,707246,0.462,0.538,0.1,0.9,0.008,0.613,0.026,0.353,0.038,0.101,0.2,0.307,0.131,0.085,0.138,38.2,10.4,19,156,150.9,5.1,3602,3491,111,14099
80,2013,부동산업시설관리지원임대,179587,0.692,0.308,0.908,0.092,0.779,0.111,0.055,0.034,0.01,0.008,0.003,1404687,0.571,0.429,0.633,0.367,0.093,0.733,0.129,0.044,0.172,0.091,0.093,0.129,0.089,0.168,0.257,43.7,4.6,20.1,178.6,166.8,11.8,2093.1,1942.5,150.6,2523.2
81,2013,전문과학및기술서비스업,87868,0.871,0.129,0.859,0.141,0.639,0.211,0.08,0.045,0.014,0.007,0.003,865241,0.693,0.307,0.494,0.506,0.067,0.887,0.039,0.007,0.141,0.135,0.106,0.137,0.098,0.121,0.261,38.1,6.5,19.4,158.5,154.2,4.3,3423,3351,73,5940
82,2013,교육서비스업,173740,0.463,0.537,0.943,0.057,0.755,0.107,0.052,0.042,0.035,0.007,0.001,1498539,0.379,0.621,0.72,0.28,0.102,0.678,0.15,0.071,0.156,0.079,0.081,0.151,0.288,0.098,0.147,41.6,8.2,19.1,154.3,149.7,4.6,3056,3002,55,3392
83,2013,보건업및사회복지서비스업,127925,0.547,0.453,0.939,0.061,0.483,0.319,0.119,0.051,0.018,0.008,0.002,1367805,0.209,0.791,0.74,0.26,0.077,0.817,0.086,0.02,0.136,0.187,0.145,0.143,0.117,0.121,0.15,38.9,4.7,21,170.9,162.2,8.7,2334,2214,121,2825
84,2013,오락문화및운동관련서비스업,104222,0.573,0.427,0.982,0.018,0.902,0.061,0.019,0.011,0.003,0.003,0,359129,0.534,0.466,0.832,0.168,0.332,0.347,0.243,0.077,0.459,0.111,0.072,0.095,0.066,0.138,0.06,38.9,5.2,21.1,175.2,160.4,14.8,2249,2049,200,3082
85,2013,기타공공수리및개인서비스업,385672,0.56,0.44,0.97,0.03,0.929,0.045,0.017,0.007,0.001,0,0,857978,0.517,0.483,0.895,0.105,0.377,0.463,0.1,0.061,0.61,0.127,0.098,0.097,0.038,0.022,0.007,42.3,5,21.6,173.6,166.4,7.2,2141,2051,91,2866
86,2014,전체,3800743,0.622,0.378,0.941,0.059,0.815,0.109,0.042,0.023,0.007,0.003,0.001,19250731,0.574,0.426,0.697,0.303,0.197,0.635,0.121,0.046,0.29,0.136,0.108,0.137,0.099,0.105,0.124,40.4,6,20.7,175.9,161.2,14.7,2754,2545,209,5777
87,2014,농업임업및어업,3159,0.877,0.123,0.789,0.211,0.399,0.286,0.164,0.122,0.021,0.008,0,36034,0.741,0.259,0.647,0.353,0,0.717,0.194,0.089,0.08,0.167,0.192,0.322,0.126,0.091,0.022,44.9,8.4,21,175.7,170.1,5.6,2625,2556,69,6017
88,2014,광업,2002,0.892,0.108,0.907,0.093,0.678,0.15,0.087,0.072,0.008,0.002,0.001,15642,0.872,0.128,0.665,0.335,0.126,0.793,0.072,0.008,0.211,0.129,0.158,0.269,0.075,0.04,0.117,48.4,7.9,21.7,190,163.3,26.7,3046,2669,377,5554
89,2014,제조업,409232,0.803,0.197,0.939,0.061,0.638,0.193,0.084,0.059,0.016,0.009,0.002,3981938,0.741,0.259,0.626,0.374,0.096,0.839,0.061,0.005,0.135,0.13,0.115,0.182,0.114,0.139,0.184,39.4,6.5,21.4,187.7,161.8,25.8,2819,2461,359,8345
90,2014,전기가스수도하수,9668,0.866,0.134,0.789,0.211,0.446,0.225,0.137,0.13,0.043,0.015,0.003,154575,0.85,0.15,0.507,0.493,0.021,0.935,0.04,0.004,0.066,0.092,0.117,0.252,0.184,0.15,0.139,44,10.3,20.8,177.7,161.8,15.9,3406.8,3083.7,323.2,8151.1
91,2014,건설업,129667,0.834,0.166,0.942,0.058,0.615,0.216,0.102,0.047,0.011,0.007,0.002,1103794,0.867,0.133,0.78,0.22,0.072,0.545,0.353,0.03,0.153,0.164,0.158,0.161,0.088,0.13,0.146,42.3,5.1,20.8,170.9,161.9,9,2909,2762,146,3456
92,2014,도매및소매업,993971,0.591,0.409,0.937,0.063,0.885,0.079,0.024,0.01,0.002,0.001,0,3007745,0.541,0.459,0.767,0.233,0.361,0.482,0.104,0.053,0.53,0.163,0.102,0.091,0.04,0.051,0.023,38.9,4.9,21,174.4,165.7,8.7,2587,2463,124,4496
93,2014,운수및창고업,379044,0.937,0.063,0.971,0.029,0.943,0.024,0.014,0.011,0.005,0.003,0,1049058,0.88,0.12,0.729,0.271,0.34,0.523,0.04,0.097,0.373,0.055,0.067,0.119,0.114,0.192,0.079,46.5,7.6,21.2,185.3,165.8,19.5,2484,2203,281,5205
94,2014,숙박및음식점업,702596,0.371,0.629,0.976,0.024,0.878,0.098,0.019,0.005,0.001,0,0,2067166,0.36,0.64,0.891,0.109,0.47,0.246,0.271,0.012,0.623,0.204,0.08,0.045,0.024,0.012,0.011,39,2.9,21.8,188,176.1,11.9,1775,1647,128,1470
95,2014,정보통신업,40304,0.837,0.163,0.899,0.101,0.576,0.197,0.106,0.074,0.026,0.017,0.004,528102,0.704,0.296,0.637,0.363,0.027,0.901,0.055,0.017,0.092,0.097,0.107,0.17,0.137,0.204,0.193,36.3,6.1,19.6,161.8,154.8,7,3325,3214,111,5057
96,2014,금융및보험업,41969,0.857,0.143,0.265,0.735,0.291,0.243,0.256,0.164,0.034,0.009,0.004,705824,0.456,0.544,0.109,0.891,0.008,0.62,0.027,0.345,0.039,0.1,0.202,0.3,0.129,0.084,0.146,38.4,10.8,19.2,157.5,152.2,5.3,3844,3722,122,13698
97,2014,부동산업시설관리지원임대,192831,0.687,0.313,0.91,0.09,0.781,0.114,0.052,0.033,0.01,0.007,0.003,1470640,0.571,0.429,0.631,0.369,0.094,0.739,0.123,0.044,0.178,0.096,0.09,0.127,0.091,0.165,0.253,44.2,4.2,20.1,178.6,166.2,12.4,2224.6,2072.8,151.3,2482.9
98,2014,전문과학및기술서비스업,96865,0.862,0.138,0.861,0.139,0.647,0.21,0.078,0.043,0.013,0.007,0.003,930441,0.692,0.308,0.49,0.51,0.067,0.892,0.033,0.008,0.145,0.138,0.106,0.132,0.089,0.123,0.265,38.1,6.4,19.7,161.1,155.8,5.3,3472,3387,86,6715
99,2014,교육서비스업,175606,0.461,0.539,0.941,0.059,0.757,0.106,0.052,0.043,0.034,0.007,0.001,1513769,0.376,0.624,0.723,0.277,0.101,0.678,0.149,0.073,0.156,0.078,0.082,0.156,0.282,0.097,0.148,41.7,8,19.1,153.6,149.1,4.5,3124,3070,54,3848
100,2014,보건업및사회복지서비스업,134208,0.539,0.461,0.935,0.065,0.471,0.323,0.122,0.054,0.019,0.009,0.002,1466397,0.204,0.796,0.741,0.259,0.074,0.82,0.083,0.023,0.13,0.185,0.146,0.151,0.118,0.121,0.148,39.5,4.5,20.7,168.5,160.2,8.3,2268,2143,125,2342
101,2014,오락문화및운동관련서비스업,103977,0.571,0.429,0.979,0.021,0.897,0.065,0.02,0.011,0.003,0.003,0,362955,0.531,0.469,0.829,0.171,0.32,0.356,0.239,0.085,0.449,0.117,0.076,0.096,0.063,0.138,0.061,39.3,5.2,20.9,173.8,161.9,11.9,2341,2166,175,2816
102,2014,기타공공수리및개인서비스업,385644,0.556,0.444,0.97,0.03,0.929,0.046,0.017,0.007,0.001,0,0,856651,0.518,0.482,0.893,0.107,0.377,0.472,0.096,0.055,0.609,0.13,0.098,0.097,0.038,0.023,0.005,43.9,4.9,21.1,164,155.8,8.2,2114,1990,124,3212
103,2015,전체,3861792,0.624,0.376,0.942,0.058,0.809,0.112,0.043,0.024,0.008,0.004,0.001,20201270,0.576,0.424,0.697,0.303,0.192,0.635,0.125,0.048,0.277,0.137,0.107,0.139,0.103,0.108,0.13,41.1,6.2,22.4,184.2,175.2,9,2820,2607,212,5389
104,2015,농업임업및어업,3289,0.865,0.135,0.787,0.213,0.395,0.283,0.161,0.127,0.026,0.008,0.001,39490,0.741,0.259,0.647,0.353,0,0.714,0.206,0.08,0.074,0.157,0.182,0.321,0.149,0.085,0.03,45.1,8.5,23.1,184.8,180.7,4.1,2669,2593,76,6210
105,2015,광업,2006,0.891,0.109,0.91,0.09,0.684,0.138,0.088,0.074,0.012,0.001,0.001,15663,0.868,0.132,0.664,0.336,0.133,0.791,0.06,0.016,0.2,0.119,0.156,0.268,0.11,0.031,0.117,49.2,8.3,23.5,197.3,180.9,16.4,3319,2971,348,5686
106,2015,제조업,428643,0.801,0.199,0.945,0.055,0.643,0.193,0.081,0.056,0.016,0.008,0.002,4102259,0.741,0.259,0.636,0.364,0.098,0.833,0.061,0.007,0.139,0.134,0.114,0.177,0.114,0.138,0.184,40.4,6.9,22.9,194.1,175.4,18.7,2912,2537,375,7878
107,2015,전기가스수도하수,9918,0.856,0.144,0.794,0.206,0.456,0.217,0.132,0.132,0.044,0.016,0.003,159347,0.85,0.15,0.511,0.489,0.022,0.93,0.044,0.004,0.066,0.089,0.112,0.255,0.184,0.163,0.13,44.2,10.3,22.3,181.9,174.9,7,3500.1,3197.7,302.3,7951.9
108,2015,건설업,133797,0.824,0.176,0.954,0.046,0.601,0.211,0.105,0.057,0.015,0.008,0.002,1317337,0.87,0.13,0.799,0.201,0.063,0.497,0.412,0.028,0.129,0.139,0.141,0.171,0.102,0.142,0.176,43.2,5.1,22.6,183.1,177,6.1,2900,2760,140,2844
109,2015,도매및소매업,1015117,0.591,0.409,0.941,0.059,0.881,0.081,0.024,0.01,0.002,0.001,0,3129601,0.543,0.457,0.767,0.233,0.354,0.49,0.1,0.056,0.52,0.164,0.102,0.091,0.042,0.053,0.027,39.3,5.1,22.6,184.4,180,4.4,2659,2538,121,4144
110,2015,운수및창고업,379388,0.937,0.063,0.971,0.029,0.942,0.023,0.014,0.012,0.005,0.004,0,1096051,0.882,0.118,0.715,0.285,0.326,0.558,0.04,0.076,0.356,0.053,0.065,0.126,0.116,0.192,0.091,46.9,7.7,22.2,183.4,172.4,10.9,2597,2313,283,4581
111,2015,숙박및음식점업,710248,0.379,0.621,0.974,0.026,0.869,0.104,0.02,0.005,0.001,0,0,2114297,0.364,0.636,0.883,0.117,0.468,0.271,0.248,0.014,0.598,0.215,0.085,0.049,0.029,0.014,0.01,39.6,3,22.5,184.5,179.3,5.2,1800,1677,123,1228
112,2015,정보통신업,42425,0.834,0.166,0.901,0.099,0.575,0.194,0.109,0.075,0.027,0.016,0.004,562946,0.701,0.299,0.64,0.36,0.027,0.895,0.058,0.02,0.09,0.094,0.109,0.172,0.139,0.199,0.197,36.6,6,22,176.9,174.3,2.7,3415,3317,98,4667
113,2015,금융및보험업,42192,0.859,0.141,0.236,0.764,0.274,0.269,0.239,0.169,0.036,0.009,0.004,745257,0.443,0.557,0.093,0.907,0.007,0.599,0.03,0.363,0.035,0.105,0.179,0.3,0.132,0.085,0.164,38.7,10.9,21.8,174.9,174,0.9,3856,3746,109,14145
114,2015,부동산업시설관리지원임대,197747,0.681,0.319,0.908,0.092,0.772,0.117,0.054,0.034,0.011,0.008,0.004,1591993,0.572,0.428,0.628,0.372,0.089,0.736,0.128,0.046,0.167,0.094,0.088,0.127,0.095,0.169,0.26,44.9,4.5,21.8,186.2,179.7,6.5,2270.4,2133.3,137.1,2538.1
115,2015,전문과학및기술서비스업,102866,0.857,0.143,0.866,0.134,0.641,0.209,0.081,0.045,0.013,0.007,0.003,998123,0.685,0.315,0.504,0.496,0.066,0.879,0.044,0.012,0.143,0.137,0.11,0.135,0.09,0.125,0.259,38.5,6.6,22,177.5,174.6,2.8,3650,3517,133,6057
116,2015,교육서비스업,175800,0.457,0.543,0.943,0.057,0.748,0.109,0.054,0.046,0.035,0.007,0.002,1563848,0.368,0.632,0.717,0.283,0.099,0.681,0.148,0.072,0.148,0.078,0.083,0.159,0.279,0.1,0.153,42,7.8,21.1,165.1,163.9,1.1,3107,3057,50,3009
117,2015,보건업및사회복지서비스업,132553,0.553,0.447,0.931,0.069,0.45,0.335,0.129,0.054,0.02,0.009,0.002,1503360,0.201,0.799,0.731,0.269,0.072,0.82,0.085,0.023,0.118,0.186,0.15,0.143,0.124,0.127,0.152,40.3,4.6,22.3,176.2,173.3,2.9,2323,2198,126,2350
118,2015,오락문화및운동관련서비스업,101055,0.567,0.433,0.976,0.024,0.887,0.071,0.022,0.012,0.004,0.003,0,366766,0.525,0.475,0.823,0.177,0.315,0.373,0.223,0.089,0.428,0.123,0.081,0.101,0.068,0.139,0.06,39.4,5.1,21.9,176.3,169.9,6.5,2306,2124,181,2639
119,2015,기타공공수리및개인서비스업,384748,0.55,0.45,0.969,0.031,0.924,0.047,0.018,0.01,0.002,0,0,894932,0.499,0.501,0.888,0.112,0.358,0.464,0.11,0.068,0.569,0.127,0.1,0.121,0.052,0.024,0.007,44.8,4.7,22.9,171.2,167.5,3.6,2074,1984,90,2345
120,2016,전체,3937715,0.62,0.38,0.94,0.06,0.805,0.115,0.044,0.024,0.008,0.004,0.001,20567856,0.57,0.43,0.699,0.301,0.189,0.635,0.129,0.047,0.277,0.14,0.111,0.135,0.099,0.106,0.131,41.5,6.4,21.7,182,169,13,2892,2686,207,5508
121,2016,농업임업및어업,3627,0.86,0.14,0.796,0.204,0.44,0.278,0.149,0.101,0.023,0.008,0.001,39650,0.723,0.277,0.634,0.366,0,0.734,0.203,0.063,0.092,0.167,0.182,0.281,0.149,0.096,0.033,45.2,8.3,22.4,181.5,175.4,6.1,2746,2659,87,6437
122,2016,광업,2012,0.892,0.108,0.91,0.09,0.694,0.127,0.085,0.079,0.012,0.001,0.001,15861,0.869,0.131,0.661,0.339,0.131,0.809,0.048,0.011,0.196,0.111,0.152,0.288,0.106,0.031,0.116,49.8,8.3,23,194,175.3,18.7,3395,3116,279,5286
123,2016,제조업,430948,0.798,0.202,0.944,0.056,0.639,0.202,0.076,0.057,0.016,0.008,0.002,4097338,0.74,0.26,0.638,0.362,0.101,0.835,0.058,0.006,0.141,0.142,0.109,0.18,0.115,0.138,0.175,40.7,7,22.2,193.3,169.7,23.7,2984,2618,366,7544
124,2016,전기가스수도하수,10105,0.853,0.147,0.794,0.206,0.466,0.211,0.132,0.128,0.045,0.014,0.003,161266,0.842,0.158,0.504,0.496,0.023,0.93,0.044,0.003,0.069,0.087,0.113,0.25,0.193,0.146,0.142,44.5,10.4,22,186.3,172.9,13.5,3622.6,3312.3,309.9,9855.2
125,2016,건설업,137220,0.821,0.179,0.956,0.044,0.551,0.23,0.142,0.052,0.013,0.009,0.003,1392554,0.859,0.141,0.819,0.181,0.064,0.474,0.43,0.031,0.114,0.143,0.182,0.15,0.086,0.138,0.186,43.5,5.3,21.9,180.2,171.5,8.6,3050,2890,160,2876
126,2016,도매및소매업,1017340,0.589,0.411,0.934,0.066,0.879,0.083,0.025,0.01,0.002,0.001,0,3141900,0.537,0.463,0.761,0.239,0.338,0.501,0.104,0.057,0.515,0.168,0.104,0.091,0.043,0.052,0.028,39.9,5.5,21.9,180.8,173,7.8,2722,2608,114,4250
127,2016,운수및창고업,385968,0.936,0.064,0.972,0.028,0.939,0.024,0.017,0.011,0.005,0.004,0,1111060,0.869,0.131,0.727,0.273,0.328,0.54,0.051,0.081,0.356,0.055,0.077,0.119,0.116,0.193,0.083,47.6,8.1,21.9,184.3,167.3,17,2679,2393,286,4745
128,2016,숙박및음식점업,729175,0.383,0.617,0.972,0.028,0.868,0.105,0.02,0.005,0.001,0,0,2162823,0.363,0.637,0.883,0.117,0.453,0.278,0.256,0.013,0.603,0.217,0.085,0.046,0.027,0.012,0.009,40.3,3,22.5,189.1,177.7,11.4,1884,1746,139,1039
129,2016,정보통신업,42539,0.83,0.17,0.902,0.098,0.571,0.2,0.111,0.072,0.025,0.017,0.004,567284,0.695,0.305,0.635,0.365,0.027,0.887,0.067,0.02,0.09,0.097,0.11,0.165,0.127,0.209,0.203,37,6.4,21,171.4,166.4,5,3494,3398,95,5488
130,2016,금융및보험업,42809,0.848,0.152,0.254,0.746,0.279,0.257,0.252,0.166,0.033,0.01,0.004,730963,0.447,0.553,0.103,0.897,0.008,0.602,0.025,0.365,0.037,0.103,0.195,0.3,0.125,0.088,0.153,39,11,20.9,171.1,166.2,5,4092,3974,118,16622
131,2016,부동산업시설관리지원임대,210698,0.671,0.329,0.911,0.089,0.786,0.112,0.051,0.03,0.01,0.007,0.004,1650942,0.564,0.436,0.602,0.398,0.094,0.745,0.118,0.043,0.175,0.092,0.086,0.115,0.085,0.152,0.294,44.8,4.8,21,181.5,172.1,9.4,2388.1,2244.4,143.7,2566.1
132,2016,전문과학및기술서비스업,103223,0.854,0.146,0.863,0.137,0.64,0.21,0.084,0.043,0.013,0.008,0.003,1002371,0.673,0.327,0.506,0.494,0.068,0.869,0.056,0.007,0.142,0.14,0.112,0.129,0.088,0.127,0.26,39.2,7,21.1,173,166.7,6.3,3659,3557,102,8030
133,2016,교육서비스업,180595,0.447,0.553,0.942,0.058,0.752,0.107,0.053,0.046,0.034,0.006,0.002,1559558,0.371,0.629,0.719,0.281,0.099,0.683,0.144,0.074,0.152,0.079,0.084,0.165,0.275,0.095,0.152,42.3,7.9,20.7,164.8,160.3,4.5,3200,3138,62,2587
134,2016,보건업및사회복지서비스업,141372,0.545,0.455,0.932,0.068,0.426,0.344,0.136,0.06,0.022,0.01,0.002,1674556,0.197,0.803,0.741,0.259,0.069,0.807,0.096,0.028,0.107,0.184,0.151,0.153,0.126,0.128,0.151,40.9,4.8,21.7,173.3,165.9,7.4,2354,2229,125,2278
135,2016,오락문화및운동관련서비스업,110230,0.568,0.432,0.976,0.024,0.883,0.078,0.021,0.011,0.003,0.003,0,394913,0.522,0.478,0.827,0.173,0.323,0.358,0.235,0.084,0.438,0.137,0.076,0.09,0.067,0.133,0.058,40.8,5.4,21.9,178.7,168.8,9.9,2451,2284,167,2062
136,2016,기타공공수리및개인서비스업,389854,0.538,0.462,0.969,0.031,0.927,0.048,0.016,0.007,0.001,0,0,864817,0.517,0.483,0.888,0.112,0.384,0.478,0.086,0.052,0.61,0.137,0.096,0.088,0.037,0.026,0.005,44.8,4.9,22,167.1,160.7,6.4,2158,2066,92,2526
137,2017,전체,4007384,0.616,0.384,0.938,0.062,0.805,0.116,0.044,0.023,0.007,0.004,0.001,20920124,0.566,0.434,0.696,0.304,0.189,0.636,0.129,0.046,0.279,0.142,0.11,0.134,0.095,0.105,0.134,41.6,6.3,21.6,180.8,168,12.7,3002,2779,222,5338
138,2017,농업임업및어업,3880,0.853,0.147,0.804,0.196,0.461,0.273,0.143,0.094,0.023,0.007,0.001,40642,0.721,0.279,0.649,0.351,0,0.774,0.167,0.059,0.098,0.171,0.184,0.27,0.152,0.094,0.031,44.4,6.8,22.7,183.8,178.5,5.4,2638,2564,73,5286
139,2017,광업,2001,0.891,0.109,0.904,0.096,0.693,0.133,0.083,0.078,0.009,0.002,0.001,15421,0.863,0.137,0.669,0.331,0.135,0.803,0.056,0.006,0.202,0.118,0.154,0.302,0.075,0.043,0.105,50.6,8,23.3,198.3,174.7,23.6,3526,3129,397,5728
140,2017,제조업,433684,0.794,0.206,0.941,0.059,0.635,0.205,0.08,0.055,0.016,0.008,0.002,4103986,0.74,0.26,0.636,0.364,0.098,0.832,0.065,0.005,0.142,0.147,0.113,0.174,0.115,0.133,0.175,41.1,7.1,22.2,193.3,169,24.4,3054,2648,406,7253
141,2017,전기가스수도하수,10362,0.841,0.159,0.795,0.205,0.482,0.198,0.132,0.129,0.041,0.015,0.003,164598,0.845,0.155,0.498,0.502,0.023,0.938,0.035,0.004,0.071,0.081,0.113,0.255,0.174,0.158,0.148,44.3,10.3,22,185.1,171.5,13.6,3717.8,3395.4,322.4,9485.2
142,2017,건설업,138478,0.816,0.184,0.953,0.047,0.558,0.227,0.139,0.053,0.012,0.009,0.003,1438640,0.865,0.135,0.808,0.192,0.063,0.455,0.445,0.037,0.123,0.144,0.174,0.147,0.076,0.136,0.2,43.8,5.1,21.8,177.8,170.9,7,3197,2997,200,2965
143,2017,도매및소매업,1022739,0.588,0.412,0.93,0.07,0.877,0.086,0.024,0.01,0.002,0.001,0,3173320,0.532,0.468,0.756,0.244,0.338,0.509,0.103,0.049,0.518,0.172,0.1,0.088,0.042,0.05,0.029,40.1,5.1,21.9,180,172.4,7.6,2924,2800,124,3909
144,2017,운수및창고업,386919,0.934,0.066,0.971,0.029,0.939,0.024,0.016,0.012,0.005,0.004,0,1115990,0.869,0.131,0.717,0.283,0.326,0.526,0.054,0.095,0.354,0.054,0.076,0.126,0.11,0.195,0.085,47.7,8,21.6,182.7,166.5,16.2,2857,2566,290,4968
145,2017,숙박및음식점업,747577,0.387,0.613,0.971,0.029,0.869,0.107,0.019,0.005,0.001,0,0,2214879,0.366,0.634,0.885,0.115,0.464,0.28,0.246,0.009,0.617,0.221,0.078,0.044,0.019,0.011,0.01,39.5,2.7,21.9,182.6,172,10.6,1915,1776,139,1077
146,2017,정보통신업,42887,0.826,0.174,0.893,0.107,0.589,0.187,0.105,0.073,0.024,0.017,0.004,575886,0.694,0.306,0.619,0.381,0.025,0.898,0.059,0.018,0.089,0.09,0.104,0.166,0.124,0.204,0.223,36.5,6.2,20.9,171.1,164.8,6.3,3639,3497,142,6032
147,2017,금융및보험업,43514,0.836,0.164,0.271,0.729,0.305,0.244,0.246,0.161,0.032,0.009,0.003,726907,0.435,0.565,0.107,0.893,0.008,0.606,0.021,0.365,0.04,0.1,0.195,0.297,0.121,0.09,0.156,39.6,11.5,20.8,170.4,165.8,4.6,4072,3967,105,15903
148,2017,부동산업시설관리지원임대,220260,0.664,0.336,0.914,0.086,0.796,0.107,0.049,0.029,0.009,0.007,0.003,1672886,0.563,0.437,0.581,0.419,0.094,0.756,0.112,0.038,0.178,0.09,0.085,0.112,0.081,0.152,0.301,43.9,4.6,21.1,179.9,171.3,8.6,2479.9,2338.8,141.1,2544.3
149,2017,전문과학및기술서비스업,104252,0.85,0.15,0.861,0.139,0.644,0.208,0.083,0.042,0.012,0.007,0.003,1010154,0.672,0.328,0.503,0.497,0.065,0.875,0.051,0.008,0.14,0.137,0.112,0.128,0.087,0.123,0.271,39,6.5,20.9,170.3,165.5,4.8,3805,3709,96,7788
150,2017,교육서비스업,185275,0.444,0.556,0.941,0.059,0.743,0.115,0.054,0.047,0.032,0.007,0.002,1596963,0.366,0.634,0.725,0.275,0.099,0.684,0.138,0.078,0.157,0.084,0.085,0.169,0.26,0.097,0.148,42.8,8.3,20.6,163.2,159.6,3.6,3446,3389,58,3306
151,2017,보건업및사회복지서비스업,145909,0.54,0.46,0.932,0.068,0.41,0.349,0.141,0.065,0.022,0.01,0.002,1782672,0.191,0.809,0.745,0.255,0.065,0.808,0.096,0.03,0.098,0.182,0.152,0.16,0.124,0.128,0.155,41.5,4.5,21.5,170.7,163.7,6.9,2476,2352,125,2105
152,2017,오락문화및운동관련서비스업,118797,0.569,0.431,0.975,0.025,0.881,0.081,0.022,0.01,0.003,0.003,0,416781,0.517,0.483,0.826,0.174,0.315,0.366,0.235,0.085,0.433,0.144,0.081,0.088,0.065,0.132,0.058,40.7,5.2,21.8,180.1,168.2,11.9,2648,2427,221,2530
153,2017,기타공공수리및개인서비스업,400850,0.527,0.473,0.969,0.031,0.93,0.046,0.016,0.007,0.001,0,0,870399,0.511,0.489,0.887,0.113,0.384,0.482,0.081,0.053,0.612,0.134,0.095,0.092,0.035,0.028,0.005,44.6,5.2,21.9,170.6,164.2,6.4,2371,2270,101,2777
154,2018,전체,4090651,0.615,0.385,0.937,0.063,0.8,0.12,0.045,0.024,0.007,0.003,0.001,21500210,0.564,0.436,0.692,0.308,0.186,0.637,0.131,0.045,0.273,0.146,0.112,0.134,0.096,0.103,0.135,42,6.5,20.2,167.5,155.7,11.8,3137,2911,225,5475
155,2018,농업임업및어업,4261,0.854,0.146,0.809,0.191,0.496,0.258,0.13,0.089,0.018,0.008,0.001,42324,0.718,0.282,0.653,0.347,0,0.767,0.164,0.07,0.112,0.171,0.179,0.27,0.125,0.106,0.039,44.6,7.7,21.3,169.8,165.2,4.6,2853,2777,76,5875
156,2018,광업,1916,0.89,0.11,0.896,0.104,0.697,0.133,0.072,0.084,0.01,0.002,0.002,14998,0.862,0.138,0.625,0.375,0.124,0.813,0.056,0.007,0.185,0.119,0.132,0.317,0.09,0.025,0.132,51,8.3,22.5,187.7,166.9,20.7,3716,3308,408,5548
157,2018,제조업,437024,0.791,0.209,0.937,0.063,0.633,0.209,0.077,0.056,0.016,0.008,0.002,4105871,0.742,0.258,0.629,0.371,0.095,0.835,0.064,0.005,0.141,0.151,0.111,0.179,0.114,0.129,0.175,41.6,7.3,20.8,179.9,157.4,22.5,3217,2806,411,7608
158,2018,전기가스수도하수,11315,0.833,0.167,0.801,0.199,0.496,0.201,0.125,0.12,0.04,0.015,0.003,172972,0.84,0.16,0.497,0.503,0.023,0.938,0.037,0.003,0.071,0.086,0.111,0.249,0.177,0.158,0.148,44.5,10.4,20.5,172.7,160.1,12.6,3936.5,3598.5,338,9218
159,2018,건설업,142840,0.809,0.191,0.95,0.05,0.547,0.234,0.138,0.057,0.013,0.008,0.003,1481673,0.86,0.14,0.801,0.199,0.062,0.448,0.451,0.039,0.121,0.148,0.174,0.159,0.083,0.132,0.183,44.5,5.5,20.2,165.5,158,7.5,3342,3156,186,2937
160,2018,도매및소매업,1027109,0.586,0.414,0.929,0.071,0.87,0.091,0.026,0.01,0.002,0.001,0,3250867,0.529,0.471,0.752,0.248,0.333,0.512,0.106,0.05,0.5,0.179,0.107,0.091,0.043,0.048,0.033,40.5,5.4,20.6,166.6,160.2,6.4,3082,2967,116,4024
161,2018,운수및창고업,400282,0.932,0.068,0.971,0.029,0.939,0.025,0.016,0.012,0.005,0.003,0,1145752,0.866,0.134,0.701,0.299,0.327,0.522,0.052,0.099,0.355,0.057,0.073,0.124,0.109,0.183,0.098,48.2,8.2,20.8,167.6,152,15.6,2895,2582,313,4753
162,2018,숙박및음식점업,766315,0.394,0.606,0.969,0.031,0.857,0.114,0.023,0.005,0.001,0,0,2326716,0.369,0.631,0.882,0.118,0.452,0.292,0.248,0.008,0.59,0.232,0.095,0.046,0.016,0.01,0.011,41,3,21.4,174.5,164.3,10.2,2084,1929,155,968
163,2018,정보통신업,43888,0.822,0.178,0.892,0.108,0.588,0.188,0.106,0.072,0.025,0.017,0.004,599006,0.688,0.312,0.615,0.385,0.025,0.908,0.05,0.017,0.087,0.089,0.103,0.16,0.125,0.205,0.23,37.1,6.6,19.2,158.7,151.3,7.4,3890,3710,180,5629
164,2018,금융및보험업,43568,0.826,0.174,0.281,0.719,0.318,0.248,0.241,0.148,0.031,0.01,0.004,711494,0.44,0.56,0.109,0.891,0.009,0.633,0.024,0.335,0.043,0.105,0.195,0.276,0.121,0.096,0.164,39.8,11.8,18.9,155.1,150.6,4.5,4227,4099,128,17167
165,2018,부동산업시설관리지원임대,230694,0.657,0.343,0.913,0.087,0.799,0.107,0.048,0.028,0.008,0.007,0.003,1708577,0.56,0.44,0.567,0.433,0.097,0.75,0.113,0.04,0.181,0.093,0.086,0.111,0.078,0.155,0.297,43.9,4.8,19.6,164.8,156.4,8.4,2628.7,2491.3,137.4,2414.8
166,2018,전문과학및기술서비스업,112302,0.843,0.157,0.858,0.142,0.648,0.208,0.08,0.041,0.012,0.007,0.003,1075234,0.673,0.327,0.492,0.508,0.065,0.883,0.044,0.008,0.142,0.139,0.109,0.127,0.084,0.123,0.275,39.2,6.7,19.3,157.2,152.9,4.3,3929,3817,111,8390
167,2018,교육서비스업,189800,0.435,0.565,0.939,0.061,0.735,0.126,0.054,0.045,0.033,0.006,0.002,1630311,0.365,0.635,0.728,0.272,0.101,0.679,0.146,0.074,0.154,0.093,0.085,0.162,0.269,0.09,0.148,43.3,8.5,19,150.1,146.6,3.5,3469,3413,57,3582
168,2018,보건업및사회복지서비스업,147452,0.54,0.46,0.927,0.073,0.4,0.342,0.151,0.07,0.025,0.011,0.002,1902052,0.19,0.81,0.738,0.262,0.06,0.803,0.104,0.033,0.09,0.17,0.154,0.163,0.131,0.132,0.16,42,4.6,20.2,158.9,152.5,6.4,2584,2457,127,2218
169,2018,오락문화및운동관련서비스업,121639,0.567,0.433,0.971,0.029,0.872,0.086,0.023,0.011,0.004,0.003,0,442046,0.516,0.484,0.817,0.183,0.302,0.386,0.227,0.085,0.417,0.149,0.083,0.093,0.068,0.127,0.062,41.2,5.3,20.5,166.5,156.2,10.3,2738,2542,196,2477
170,2018,기타공공수리및개인서비스업,410246,0.519,0.481,0.961,0.039,0.93,0.046,0.016,0.007,0.001,0,0,890317,0.505,0.495,0.876,0.124,0.387,0.481,0.082,0.049,0.609,0.134,0.096,0.093,0.035,0.028,0.006,44.8,5.2,21,161.3,155.1,6.2,2487,2378,110,2593
171,2019,전체,4163979,0.614,0.386,0.934,0.066,0.798,0.122,0.044,0.024,0.007,0.003,0.001,21954539,0.563,0.437,0.686,0.314,0.185,0.637,0.133,0.044,0.275,0.147,0.11,0.134,0.097,0.103,0.133,42.6,6.7,19.9,163.6,153.1,10.5,3259,3042,216,5537
172,2019,농업임업및어업,4522,0.853,0.147,0.789,0.211,0.521,0.244,0.125,0.083,0.019,0.007,0.001,43920,0.726,0.274,0.604,0.396,0,0.773,0.151,0.076,0.117,0.167,0.169,0.255,0.142,0.109,0.041,45,8.2,20.7,165.1,161,4,2897,2832,65,6114
173,2019,광업,1776,0.88,0.12,0.874,0.126,0.673,0.115,0.104,0.09,0.014,0.002,0.002,14887,0.864,0.136,0.6,0.4,0.107,0.819,0.061,0.013,0.169,0.093,0.172,0.314,0.107,0.038,0.107,51.4,8.6,22.3,186.8,166.1,20.8,3783,3363,420,5725
174,2019,제조업,440766,0.787,0.213,0.929,0.071,0.631,0.211,0.077,0.057,0.015,0.008,0.002,4123817,0.745,0.255,0.615,0.385,0.095,0.835,0.064,0.006,0.142,0.152,0.11,0.182,0.111,0.131,0.173,42.1,7.7,20.3,174.6,155,19.6,3342,2945,397,7509
175,2019,전기가스수도하수,12542,0.823,0.177,0.799,0.201,0.529,0.18,0.121,0.114,0.039,0.014,0.003,181611,0.838,0.162,0.483,0.517,0.024,0.939,0.034,0.003,0.073,0.081,0.113,0.249,0.184,0.15,0.15,44.4,10.3,20.3,168.9,158.6,10.4,4027.3,3738.5,288.9,9080.2
176,2019,건설업,146293,0.802,0.198,0.947,0.053,0.505,0.278,0.139,0.055,0.013,0.008,0.003,1504466,0.859,0.141,0.789,0.211,0.062,0.443,0.458,0.037,0.111,0.178,0.177,0.154,0.083,0.126,0.173,45.4,5.7,19.8,161.4,153.8,7.6,3402,3222,180,2841
177,2019,도매및소매업,1028323,0.586,0.414,0.927,0.073,0.868,0.092,0.026,0.011,0.002,0.001,0,3289652,0.533,0.467,0.75,0.25,0.33,0.51,0.111,0.05,0.502,0.178,0.106,0.095,0.043,0.046,0.029,41.1,5.7,20.2,162.8,156.9,5.9,3225,3116,109,4351
178,2019,운수및창고업,409288,0.929,0.071,0.97,0.03,0.942,0.023,0.015,0.011,0.005,0.003,0,1155965,0.865,0.135,0.693,0.307,0.331,0.518,0.052,0.1,0.366,0.053,0.073,0.123,0.115,0.176,0.093,48.4,8.2,20.5,163.1,150.1,13,2978,2703,275,4979
179,2019,숙박및음식점업,785706,0.401,0.599,0.968,0.032,0.851,0.12,0.023,0.005,0.001,0,0,2384828,0.375,0.625,0.883,0.117,0.451,0.296,0.246,0.007,0.594,0.235,0.092,0.043,0.016,0.01,0.01,42.7,3.4,21.6,175.3,165.4,9.9,2260,2101,159,956
180,2019,정보통신업,45303,0.814,0.186,0.885,0.115,0.616,0.173,0.095,0.069,0.026,0.017,0.004,606964,0.686,0.314,0.592,0.408,0.025,0.909,0.049,0.017,0.093,0.083,0.096,0.155,0.131,0.203,0.239,37.3,6.6,19.1,156.9,150.9,6,4021,3863,158,5888
181,2019,금융및보험업,43555,0.818,0.182,0.294,0.706,0.34,0.245,0.23,0.136,0.034,0.01,0.004,715399,0.443,0.557,0.11,0.89,0.009,0.653,0.023,0.316,0.047,0.102,0.186,0.257,0.135,0.096,0.176,40.2,11.6,19,154.4,150.3,4.1,4418,4297,121,18101
182,2019,부동산업시설관리지원임대,241763,0.656,0.344,0.902,0.098,0.797,0.111,0.048,0.027,0.008,0.006,0.003,1729877,0.568,0.432,0.573,0.427,0.096,0.738,0.122,0.044,0.193,0.098,0.088,0.11,0.078,0.151,0.282,45,5,19.3,161.9,154.5,7.3,2749,2611.5,137.5,2719.7
183,2019,전문과학및기술서비스업,118129,0.831,0.169,0.854,0.146,0.66,0.2,0.075,0.041,0.013,0.008,0.003,1132049,0.67,0.33,0.48,0.52,0.064,0.883,0.046,0.008,0.145,0.13,0.104,0.127,0.09,0.128,0.275,39.7,6.9,19.1,156.6,151.4,5.2,4102,3979,123,8409
184,2019,교육서비스업,193790,0.427,0.573,0.936,0.064,0.737,0.126,0.051,0.045,0.034,0.006,0.001,1672443,0.361,0.639,0.725,0.275,0.1,0.682,0.147,0.071,0.156,0.092,0.081,0.16,0.275,0.094,0.142,43.6,8.6,18.3,143.7,139.9,3.7,3582,3522,61,3381
185,2019,보건업및사회복지서비스업,150659,0.543,0.457,0.921,0.079,0.399,0.335,0.15,0.075,0.026,0.012,0.002,2033034,0.19,0.81,0.729,0.271,0.056,0.802,0.108,0.034,0.085,0.159,0.148,0.167,0.132,0.142,0.167,42.7,4.6,19.9,154.3,148.3,6.1,2680,2548,132,2235
186,2019,오락문화및운동관련서비스업,124621,0.568,0.432,0.967,0.033,0.868,0.09,0.024,0.012,0.004,0.003,0,458555,0.515,0.485,0.808,0.192,0.294,0.397,0.224,0.085,0.418,0.152,0.083,0.094,0.068,0.125,0.062,41.7,5.6,20.4,164.6,155.7,8.9,2844,2650,195,2770
187,2019,기타공공수리및개인서비스업,416943,0.513,0.487,0.962,0.038,0.931,0.045,0.016,0.007,0.001,0,0,907072,0.505,0.495,0.873,0.127,0.388,0.478,0.086,0.049,0.617,0.131,0.095,0.09,0.033,0.028,0.006,45.1,5.4,20.5,158,152.2,5.8,2613,2502,111,2701
188,2020,전체,4312810,0.616,0.384,0.931,0.069,0.831,0.097,0.039,0.021,0.007,0.003,0.001,20763981,0.566,0.434,0.669,0.331,0.188,0.657,0.123,0.032,0.274,0.129,0.107,0.131,0.1,0.108,0.15,42.9,6.8,21.7,176.7,167.7,9,3,3,0,5
189,2020,농업임업및어업,5948,0.831,0.169,0.814,0.186,0.601,0.209,0.105,0.065,0.014,0.006,0,47481,0.733,0.267,0.625,0.375,0,0.743,0.21,0.046,0.149,0.174,0.175,0.249,0.121,0.101,0.032,45.4,8.9,22.2,175,169.6,5.4,3,3,0,6
190,2020,광업,1654,0.856,0.144,0.867,0.133,0.655,0.139,0.1,0.09,0.012,0.002,0.001,13838,0.875,0.125,0.583,0.417,0.112,0.83,0.051,0.007,0.16,0.113,0.168,0.316,0.093,0.046,0.104,51.6,8.3,23.3,199.8,177.9,21.8,4,3,0,5
191,2020,제조업,453257,0.778,0.222,0.93,0.07,0.676,0.171,0.078,0.052,0.014,0.007,0.002,3984905,0.742,0.258,0.601,0.399,0.099,0.842,0.054,0.006,0.15,0.128,0.119,0.177,0.107,0.135,0.184,42.5,8,21.9,186.4,169.9,16.5,3,3,0,7
192,2020,전기가스수도하수,14076,0.807,0.193,0.806,0.194,0.59,0.161,0.101,0.096,0.036,0.013,0.003,184248,0.831,0.169,0.475,0.525,0.032,0.922,0.043,0.004,0.081,0.08,0.106,0.231,0.189,0.158,0.156,44.8,9.9,22.2,186,173.7,12.3,4.4,3.9,0,9.7
193,2020,건설업,158401,0.792,0.208,0.94,0.06,0.665,0.181,0.086,0.044,0.013,0.007,0.003,1431792,0.854,0.146,0.726,0.274,0.066,0.473,0.447,0.015,0.133,0.131,0.127,0.145,0.1,0.133,0.231,45.5,5.8,22.1,178.9,172.6,6.3,4,3,0,3
194,2020,도매및소매업,1064434,0.592,0.408,0.921,0.079,0.89,0.075,0.023,0.009,0.002,0.001,0,2962630,0.554,0.446,0.737,0.263,0.34,0.524,0.109,0.027,0.501,0.169,0.106,0.089,0.044,0.051,0.04,41.2,6.2,21.9,175.6,170.9,4.7,3,3,0,4
195,2020,운수및창고업,420889,0.925,0.075,0.969,0.031,0.952,0.019,0.012,0.009,0.004,0.003,0,1091939,0.863,0.137,0.676,0.324,0.36,0.543,0.043,0.054,0.393,0.047,0.064,0.112,0.109,0.163,0.112,48.5,7.6,21.5,174.9,161.6,13.3,3,3,0,5
196,2020,숙박및음식점업,829555,0.415,0.585,0.965,0.035,0.898,0.081,0.017,0.004,0.001,0,0,2023871,0.386,0.614,0.879,0.121,0.51,0.278,0.207,0.004,0.635,0.206,0.085,0.041,0.014,0.009,0.01,41.5,3.3,21.4,170.8,162.9,8,2,2,0,1
197,2020,정보통신업,49435,0.807,0.193,0.879,0.121,0.639,0.164,0.093,0.062,0.022,0.016,0.004,620982,0.685,0.315,0.587,0.413,0.028,0.911,0.045,0.016,0.095,0.084,0.099,0.148,0.123,0.21,0.242,38.1,6.9,21.8,178,172.4,5.6,4,4,0,5
198,2020,금융및보험업,43242,0.823,0.177,0.314,0.686,0.383,0.234,0.212,0.122,0.034,0.01,0.004,680970,0.438,0.562,0.102,0.898,0.01,0.685,0.022,0.283,0.049,0.102,0.177,0.239,0.141,0.102,0.19,40.4,12,21.7,177,172,5,5,4,0,18
199,2020,부동산업시설관리지원임대,254614,0.649,0.351,0.897,0.103,0.83,0.092,0.04,0.022,0.007,0.006,0.003,1619169,0.573,0.427,0.57,0.43,0.104,0.736,0.126,0.034,0.197,0.093,0.083,0.104,0.076,0.149,0.298,45.4,5.5,21.2,175.6,169.6,6,3,3,0,3
200,2020,전문과학및기술서비스업,129778,0.816,0.184,0.851,0.149,0.697,0.173,0.071,0.038,0.012,0.007,0.003,1159853,0.662,0.338,0.475,0.525,0.068,0.862,0.064,0.007,0.148,0.122,0.105,0.125,0.091,0.132,0.278,40.3,7.5,21.6,176.4,171.5,4.9,4,4,0,8
201,2020,교육서비스업,191529,0.425,0.575,0.936,0.064,0.769,0.104,0.045,0.041,0.033,0.006,0.001,1579773,0.351,0.649,0.721,0.279,0.103,0.739,0.109,0.048,0.159,0.08,0.074,0.153,0.284,0.099,0.151,43.7,7.6,20.2,155.2,152.6,2.7,3,3,0,3
202,2020,보건업및사회복지서비스업,149351,0.563,0.437,0.92,0.08,0.393,0.326,0.156,0.081,0.029,0.013,0.003,2156232,0.189,0.811,0.725,0.275,0.036,0.808,0.131,0.025,0.077,0.146,0.143,0.169,0.136,0.144,0.186,43.6,4.3,21.9,164.3,159.2,5.2,3,3,0,2
203,2020,오락문화및운동관련서비스업,123249,0.572,0.428,0.963,0.037,0.903,0.061,0.019,0.01,0.003,0.003,0,380824,0.523,0.477,0.79,0.21,0.327,0.428,0.174,0.071,0.427,0.125,0.081,0.098,0.073,0.132,0.064,42.3,6.1,21.3,171,163.3,7.7,3,3,0,3
204,2020,기타공공수리및개인서비스업,423398,0.507,0.493,0.965,0.035,0.946,0.034,0.013,0.006,0.001,0,0,825474,0.516,0.484,0.865,0.135,0.416,0.46,0.071,0.052,0.634,0.111,0.09,0.085,0.038,0.03,0.012,44,6.1,22.3,176.2,171.6,4.6,3,3,0,3
