p070101,p070107,p070110,p070350,p071642
1,53,5,412.0,60.0
2,50,5,911.0,54.0
2,25,6,317.0,70.0
1,34,7,120.0,300.0
1,32,6,312.0,210.0
2,34,8,152.0,230.0
2,50,2,911.0,60.0
1,47,3,911.0,55.0
2,55,4,421.0,100.0
2,28,7,314.0,140.0
2,23,6,143.0,120.0
1,34,7,314.0,140.0
1,29,7,314.0,190.0
1,34,5,313.0,200.0
1,25,6,120.0,59.0
1,59,3,941.0,120.0
2,54,3,911.0,50.0
2,32,7,315.0,115.0
1,42,4,753.0,100.0
2,46,5,753.0,80.0
2,31,5,422.0,70.0
1,76,3,914.0,15.0
1,32,5,415.0,110.0
1,48,5,941.0,100.0
2,41,4,753.0,100.0
1,28,4,913.0,150.0
1,48,7,315.0,680.0
2,45,5,743.0,60.0
1,65,4,912.0,80.0
1,33,4,281.0,60.0
1,43,3,753.0,90.0
2,40,3,753.0,90.0
2,20,5,512.0,97.0
1,36,7,-1.0,200.0
2,44,5,512.0,50.0
1,32,7,314.0,230.0
1,40,8,262.0,390.0
1,36,5,911.0,120.0
1,55,7,713.0,50.0
2,51,5,521.0,-1.0
1,67,4,912.0,70.0
2,68,3,911.0,50.0
2,35,5,422.0,130.0
1,36,5,-1.0,150.0
2,28,6,143.0,100.0
2,23,6,312.0,107.0
1,30,7,315.0,233.0
2,24,7,143.0,98.0
1,33,5,721.0,180.0
2,33,5,914.0,58.0
1,38,7,314.0,147.0
1,55,7,23.0,600.0
1,27,7,141.0,250.0
1,26,7,312.0,220.0
1,32,7,131.0,147.0
2,26,8,183.0,130.0
1,65,4,912.0,70.0
1,30,5,512.0,120.0
2,27,5,322.0,130.0
1,44,5,321.0,200.0
2,39,4,743.0,100.0
1,45,4,714.0,200.0
1,27,7,182.0,130.0
2,22,6,271.0,150.0
1,53,5,842.0,90.0
2,45,4,421.0,90.0
1,62,4,714.0,180.0
1,37,5,714.0,194.0
1,46,4,842.0,100.0
2,45,3,422.0,80.0
1,46,8,152.0,320.0
2,43,6,143.0,130.0
1,50,8,173.0,200.0
2,48,8,151.0,40.0
2,20,7,252.0,300.0
2,32,7,312.0,195.0
1,35,7,311.0,355.0
1,32,7,316.0,216.0
2,18,5,317.0,100.0
1,43,7,173.0,100.0
2,19,5,315.0,140.0
2,30,7,316.0,130.0
1,49,5,842.0,150.0
2,16,5,422.0,30.0
1,38,6,183.0,150.0
1,52,3,712.0,150.0
2,48,4,911.0,50.0
1,20,7,912.0,22.0
2,29,5,412.0,130.0
1,20,5,831.0,90.0
1,52,4,712.0,200.0
2,49,4,911.0,50.0
2,24,7,315.0,180.0
2,34,5,262.0,120.0
1,49,4,842.0,80.0
2,25,7,317.0,107.0
1,27,7,262.0,147.0
1,58,3,415.0,77.0
2,34,7,317.0,100.0
1,35,7,315.0,350.0
1,32,7,183.0,280.0
2,32,7,315.0,250.0
2,55,2,911.0,130.0
1,34,8,311.0,218.0
2,27,5,315.0,250.0
1,34,5,316.0,245.0
2,61,3,512.0,100.0
2,38,5,422.0,40.0
1,50,5,731.0,140.0
1,25,5,733.0,200.0
1,46,5,941.0,150.0
2,47,5,911.0,150.0
2,29,7,153.0,179.0
1,36,7,313.0,228.0
2,59,2,911.0,55.0
2,34,7,183.0,150.0
1,57,5,313.0,260.0
2,55,5,411.0,30.0
2,28,6,183.0,200.0
1,51,5,261.0,650.0
1,55,7,261.0,600.0
2,23,6,753.0,60.0
1,48,5,262.0,300.0
2,20,6,422.0,25.0
2,38,5,261.0,80.0
1,38,5,511.0,239.0
1,55,4,842.0,960.0
2,50,4,911.0,47.0
2,41,5,512.0,100.0
1,24,7,252.0,40.0
1,38,5,912.0,100.0
1,41,3,911.0,80.0
1,38,3,753.0,70.0
2,21,6,512.0,100.0
1,33,8,152.0,193.0
2,55,3,911.0,100.0
1,29,7,912.0,112.0
1,56,4,914.0,190.0
1,38,5,842.0,180.0
1,50,7,152.0,387.0
1,52,5,912.0,109.0
2,26,7,315.0,150.0
2,23,7,742.0,80.0
2,42,5,914.0,24.0
1,59,7,842.0,145.0
1,34,7,311.0,150.0
1,38,5,712.0,350.0
2,55,3,911.0,40.0
1,28,5,713.0,170.0
1,57,7,826.0,200.0
1,27,5,733.0,150.0
1,59,3,941.0,120.0
2,54,3,930.0,60.0
1,28,6,421.0,140.0
2,25,7,156.0,100.0
1,46,3,941.0,120.0
2,23,5,512.0,80.0
1,53,5,913.0,100.0
2,25,6,315.0,136.0
2,21,6,315.0,105.0
1,38,7,120.0,415.0
1,55,5,842.0,165.0
1,41,7,441.0,225.0
1,62,3,712.0,140.0
1,36,4,235.0,116.0
2,35,5,422.0,130.0
1,26,5,512.0,130.0
2,24,5,220.0,150.0
1,50,3,913.0,80.0
2,51,3,930.0,100.0
1,24,8,252.0,40.0
2,61,3,513.0,80.0
1,66,3,912.0,70.0
2,57,3,262.0,100.0
1,37,5,842.0,130.0
1,69,3,912.0,75.0
1,38,7,312.0,320.0
2,34,7,311.0,190.0
1,51,8,132.0,600.0
1,65,5,314.0,100.0
1,24,6,422.0,52.0
2,44,5,422.0,50.0
1,59,3,912.0,74.0
2,57,3,914.0,67.0
1,30,5,812.0,220.0
1,42,5,941.0,50.0
1,50,7,712.0,40.0
1,47,8,713.0,198.0
2,43,4,753.0,80.0
1,26,7,314.0,130.0
1,39,7,262.0,100.0
2,39,5,262.0,203.0
1,33,7,311.0,198.0
1,26,6,183.0,120.0
1,59,5,281.0,50.0
1,32,7,261.0,190.0
2,44,4,512.0,60.0
2,19,5,422.0,54.0
2,31,7,252.0,100.0
1,62,4,912.0,70.0
1,51,6,733.0,365.0
2,53,4,513.0,100.0
1,27,7,311.0,130.0
1,30,7,220.0,300.0
1,53,4,712.0,200.0
2,45,4,930.0,100.0
2,21,7,317.0,70.0
1,36,6,132.0,240.0
1,47,4,262.0,200.0
2,43,4,930.0,70.0
1,43,7,733.0,280.0
2,39,5,930.0,15.0
2,24,6,321.0,60.0
2,34,5,315.0,80.0
1,34,5,733.0,202.0
1,66,5,912.0,80.0
2,31,7,513.0,100.0
1,28,8,132.0,250.0
1,42,4,721.0,190.0
2,41,3,753.0,80.0
2,22,6,311.0,80.0
2,54,4,421.0,88.0
1,31,6,262.0,170.0
2,27,7,432.0,99.0
1,40,4,713.0,170.0
1,29,8,131.0,158.0
2,27,6,512.0,100.0
1,63,5,912.0,82.0
2,54,3,911.0,55.0
1,31,6,422.0,160.0
2,39,6,253.0,40.0
1,45,7,311.0,230.0
2,39,7,323.0,140.0
1,40,7,315.0,370.0
2,50,4,411.0,60.0
1,25,7,252.0,140.0
1,23,7,282.0,30.0
2,61,3,911.0,100.0
1,34,5,314.0,270.0
1,31,7,156.0,250.0
1,34,6,315.0,270.0
2,34,5,315.0,116.0
1,48,4,741.0,130.0
2,48,4,911.0,78.0
1,39,5,316.0,147.0
1,45,4,712.0,280.0
2,64,3,513.0,50.0
2,44,7,252.0,40.0
2,67,3,911.0,40.0
1,47,4,941.0,60.0
2,41,3,743.0,75.0
2,45,4,821.0,30.0
1,29,5,733.0,150.0
1,55,3,721.0,111.0
2,49,3,911.0,120.0
2,25,7,311.0,190.0
2,36,5,911.0,85.0
1,44,3,-1.0,100.0
1,34,5,441.0,220.0
1,47,3,512.0,100.0
2,38,4,421.0,32.0
1,20,5,913.0,100.0
2,33,5,521.0,90.0
1,44,5,311.0,193.0
2,41,5,753.0,120.0
2,47,4,753.0,120.0
1,20,7,252.0,100.0
1,28,5,713.0,300.0
2,35,5,512.0,135.0
1,54,5,712.0,160.0
1,29,5,941.0,100.0
1,27,6,941.0,80.0
2,42,5,753.0,100.0
1,43,5,713.0,225.0
2,23,7,252.0,160.0
1,68,5,912.0,80.0
2,62,2,911.0,70.0
1,57,8,151.0,500.0
1,59,4,714.0,130.0
1,29,7,231.0,175.0
2,57,3,411.0,96.0
1,27,5,262.0,100.0
1,31,8,173.0,60.0
1,31,6,511.0,135.0
1,61,5,912.0,71.0
1,27,7,829.0,210.0
1,25,5,832.0,140.0
1,62,3,941.0,100.0
1,28,5,422.0,300.0
1,36,5,183.0,200.0
1,32,7,311.0,200.0
2,52,3,914.0,43.0
1,28,7,311.0,163.0
2,66,3,911.0,20.0
1,33,7,182.0,160.0
2,30,7,153.0,210.0
1,62,3,912.0,90.0
2,56,3,513.0,60.0
2,54,4,421.0,120.0
1,42,7,312.0,650.0
1,59,3,912.0,75.0
1,27,5,412.0,100.0
1,39,5,821.0,200.0
1,62,4,912.0,70.0
1,33,6,732.0,200.0
2,31,6,292.0,120.0
1,26,5,120.0,150.0
1,50,7,312.0,333.0
1,22,6,317.0,50.0
1,79,7,173.0,200.0
1,50,4,942.0,100.0
1,30,6,822.0,200.0
2,24,5,321.0,60.0
1,54,5,842.0,150.0
2,46,4,421.0,100.0
2,26,7,318.0,137.0
2,25,5,321.0,150.0
2,24,6,156.0,80.0
1,60,4,912.0,230.0
1,28,5,183.0,150.0
2,46,3,422.0,120.0
2,29,7,152.0,100.0
2,35,8,314.0,500.0
2,40,5,714.0,50.0
2,26,8,152.0,120.0
2,50,7,152.0,300.0
2,68,4,911.0,40.0
1,52,7,311.0,300.0
1,38,9,132.0,290.0
2,35,7,312.0,200.0
1,42,5,733.0,260.0
2,43,5,930.0,40.0
1,45,5,711.0,180.0
1,35,7,312.0,385.0
2,33,7,156.0,110.0
2,44,5,512.0,80.0
1,49,5,913.0,100.0
1,50,7,152.0,407.0
1,49,5,315.0,240.0
2,31,5,315.0,255.0
2,22,5,522.0,90.0
2,20,5,315.0,100.0
2,25,6,292.0,140.0
1,24,5,281.0,180.0
1,36,7,313.0,220.0
2,50,4,911.0,120.0
1,31,5,823.0,150.0
2,21,6,315.0,111.0
1,38,5,842.0,170.0
2,29,6,322.0,140.0
1,68,5,842.0,80.0
1,37,5,713.0,250.0
1,56,5,511.0,445.0
2,42,6,422.0,100.0
1,50,7,161.0,430.0
2,25,7,315.0,265.0
1,51,8,752.0,300.0
2,48,5,311.0,270.0
1,57,5,30.0,300.0
1,28,6,421.0,160.0
2,23,7,182.0,130.0
1,31,5,721.0,160.0
1,26,5,315.0,150.0
2,24,7,152.0,150.0
1,49,5,832.0,250.0
2,19,5,512.0,80.0
1,36,7,315.0,265.0
2,34,6,315.0,215.0
2,50,8,322.0,230.0
1,45,6,816.0,130.0
1,46,5,313.0,130.0
2,43,5,311.0,50.0
1,43,5,842.0,197.0
1,56,7,22.0,440.0
2,26,7,271.0,142.0
2,24,7,143.0,147.0
1,36,8,312.0,282.0
2,32,7,120.0,210.0
1,42,6,262.0,235.0
1,24,5,130.0,80.0
2,19,5,316.0,96.0
1,34,5,311.0,140.0
2,28,7,156.0,200.0
1,54,5,941.0,96.0
2,31,5,415.0,48.0
1,40,5,262.0,150.0
1,49,7,314.0,190.0
2,43,5,513.0,400.0
2,70,3,911.0,44.0
1,45,7,23.0,380.0
2,42,5,512.0,52.0
2,23,6,262.0,100.0
2,44,5,911.0,60.0
1,29,6,30.0,150.0
2,24,5,512.0,138.0
1,26,5,941.0,150.0
1,54,5,311.0,140.0
2,26,6,183.0,120.0
1,25,5,317.0,140.0
1,42,5,842.0,100.0
2,39,5,513.0,200.0
1,45,2,911.0,70.0
2,45,5,422.0,120.0
1,41,4,941.0,105.0
2,36,4,911.0,80.0
1,60,5,913.0,109.0
1,29,6,165.0,167.0
1,27,6,315.0,190.0
1,62,2,713.0,90.0
1,29,5,316.0,155.0
2,39,5,262.0,100.0
1,39,7,314.0,310.0
1,49,5,23.0,300.0
1,49,7,161.0,280.0
1,50,5,313.0,315.0
1,36,7,220.0,310.0
1,39,7,315.0,380.0
1,38,9,113.0,360.0
2,18,7,252.0,30.0
1,52,5,941.0,50.0
1,26,5,512.0,120.0
2,45,5,511.0,80.0
2,23,7,252.0,60.0
1,36,7,311.0,150.0
1,35,5,713.0,200.0
1,44,7,842.0,145.0
2,38,5,421.0,55.0
2,61,5,911.0,40.0
1,31,7,262.0,230.0
1,32,6,132.0,256.0
1,43,7,131.0,300.0
2,45,5,422.0,60.0
1,39,5,753.0,280.0
2,38,5,411.0,100.0
1,62,3,912.0,70.0
2,29,5,323.0,70.0
1,27,7,233.0,190.0
1,34,8,272.0,70.0
1,64,5,713.0,100.0
1,38,5,314.0,145.0
1,38,5,842.0,148.0
2,36,5,412.0,150.0
1,43,5,842.0,128.0
2,36,5,421.0,178.0
1,37,5,733.0,176.0
2,43,4,911.0,50.0
1,35,8,156.0,295.0
1,53,4,311.0,260.0
1,37,5,441.0,250.0
1,37,7,733.0,200.0
1,45,5,941.0,100.0
1,57,5,825.0,150.0
1,82,5,252.0,10.0
1,49,3,613.0,80.0
2,45,3,422.0,100.0
1,25,6,444.0,99.0
1,57,5,131.0,150.0
2,26,6,183.0,120.0
2,57,5,421.0,80.0
2,29,7,156.0,80.0
1,28,8,120.0,200.0
2,51,5,311.0,165.0
2,27,6,431.0,250.0
2,56,4,411.0,100.0
1,54,4,812.0,360.0
2,44,4,826.0,100.0
2,24,5,-1.0,100.0
1,44,5,842.0,120.0
1,46,5,733.0,210.0
1,50,5,321.0,110.0
2,53,4,421.0,150.0
1,50,3,712.0,50.0
1,23,7,422.0,120.0
1,46,5,-1.0,180.0
1,35,7,237.0,243.0
1,49,4,421.0,150.0
1,36,7,262.0,700.0
2,34,7,143.0,200.0
1,37,7,182.0,350.0
1,43,6,441.0,300.0
1,48,5,713.0,220.0
2,46,4,832.0,70.0
2,21,6,315.0,80.0
2,63,2,911.0,60.0
1,64,4,712.0,130.0
2,61,3,411.0,60.0
1,50,3,415.0,200.0
1,33,6,262.0,200.0
1,30,5,311.0,120.0
1,27,7,312.0,150.0
1,38,8,132.0,390.0
2,36,7,252.0,242.0
1,62,4,712.0,80.0
1,41,5,512.0,180.0
2,47,3,911.0,80.0
1,49,7,311.0,320.0
2,43,7,315.0,190.0
2,54,3,911.0,72.0
2,29,6,154.0,80.0
2,28,6,154.0,80.0
1,49,4,753.0,100.0
1,27,5,311.0,250.0
1,35,4,714.0,180.0
1,37,5,825.0,180.0
1,55,7,711.0,150.0
1,43,3,941.0,230.0
1,41,3,941.0,210.0
2,38,5,915.0,10.0
1,36,7,262.0,200.0
2,29,5,315.0,100.0
1,31,7,120.0,150.0
1,36,7,262.0,247.0
1,63,3,913.0,70.0
1,30,6,513.0,-1.0
1,49,3,-1.0,80.0
1,37,7,311.0,240.0
1,33,8,142.0,240.0
2,51,4,513.0,400.0
2,26,7,183.0,125.0
1,27,7,311.0,108.0
2,25,7,317.0,90.0
1,43,7,315.0,400.0
1,33,5,316.0,100.0
1,29,6,315.0,-1.0
2,27,7,314.0,150.0
1,37,7,316.0,310.0
1,35,6,842.0,100.0
2,30,7,164.0,410.0
1,36,5,441.0,250.0
1,54,3,733.0,64.0
1,25,5,282.0,99.0
1,41,6,262.0,325.0
1,53,6,311.0,172.0
2,46,5,753.0,116.0
2,21,7,317.0,49.0
1,34,7,714.0,435.0
2,44,4,421.0,51.0
1,42,5,913.0,90.0
2,43,6,512.0,108.0
1,50,4,825.0,150.0
2,21,5,311.0,70.0
2,43,5,513.0,290.0
1,39,5,712.0,200.0
2,36,5,521.0,62.0
1,56,7,312.0,200.0
2,26,6,241.0,120.0
1,35,4,941.0,112.0
1,59,5,912.0,80.0
1,39,6,23.0,390.0
2,55,5,832.0,60.0
2,52,5,322.0,100.0
2,34,7,152.0,150.0
2,37,5,422.0,120.0
1,50,7,23.0,400.0
2,44,5,513.0,500.0
1,50,7,314.0,600.0
1,51,8,292.0,400.0
1,40,7,316.0,350.0
1,43,7,513.0,773.0
1,51,5,313.0,200.0
2,25,7,422.0,110.0
1,29,5,262.0,120.0
1,33,7,262.0,190.0
1,50,5,816.0,150.0
2,45,5,512.0,70.0
1,47,7,315.0,600.0
1,32,7,311.0,200.0
1,29,6,120.0,140.0
2,45,9,151.0,400.0
1,34,5,823.0,100.0
1,32,5,941.0,250.0
2,35,7,314.0,250.0
1,38,9,111.0,190.0
2,31,7,311.0,165.0
1,60,4,912.0,100.0
1,42,5,316.0,100.0
2,40,4,316.0,120.0
1,58,5,913.0,60.0
1,27,5,512.0,80.0
1,40,5,183.0,287.0
1,33,5,316.0,200.0
1,33,5,-1.0,274.0
1,30,5,821.0,150.0
1,41,7,829.0,200.0
2,41,6,220.0,200.0
2,33,7,313.0,150.0
1,58,7,24.0,160.0
1,39,7,313.0,260.0
2,32,8,252.0,110.0
1,57,7,131.0,300.0
2,45,9,141.0,500.0
1,49,8,153.0,300.0
2,46,5,512.0,45.0
1,48,5,712.0,150.0
2,60,2,911.0,50.0
1,43,5,262.0,150.0
2,23,5,156.0,100.0
1,47,3,914.0,225.0
2,43,3,422.0,50.0
1,31,7,184.0,200.0
2,30,8,311.0,200.0
1,31,5,262.0,110.0
1,36,7,315.0,200.0
1,33,7,316.0,150.0
2,40,5,911.0,60.0
1,47,7,315.0,250.0
2,64,5,911.0,80.0
1,48,5,842.0,173.0
1,37,5,913.0,170.0
1,62,4,942.0,100.0
1,41,7,321.0,172.0
1,35,5,753.0,130.0
2,33,4,930.0,20.0
1,40,5,712.0,150.0
2,43,5,753.0,30.0
1,43,7,314.0,220.0
2,33,6,753.0,30.0
2,40,5,252.0,120.0
1,36,5,421.0,230.0
1,28,8,132.0,300.0
2,25,8,251.0,80.0
1,54,6,912.0,99.0
2,48,5,911.0,120.0
2,22,6,753.0,70.0
1,43,5,829.0,220.0
1,46,5,312.0,435.0
1,35,7,312.0,200.0
1,56,5,816.0,130.0
1,34,8,132.0,270.0
1,29,7,312.0,250.0
1,34,5,263.0,120.0
1,56,5,712.0,180.0
2,53,4,714.0,60.0
2,48,3,714.0,72.0
2,67,2,911.0,120.0
1,35,7,-1.0,250.0
1,30,5,262.0,120.0
1,29,6,421.0,130.0
2,24,5,315.0,75.0
2,32,7,262.0,235.0
1,34,7,315.0,300.0
1,59,3,912.0,80.0
1,33,7,235.0,150.0
1,36,5,842.0,150.0
2,27,5,315.0,140.0
2,32,5,513.0,100.0
2,69,3,930.0,50.0
1,37,6,262.0,150.0
2,49,4,753.0,60.0
1,44,8,291.0,400.0
1,62,5,713.0,180.0
1,34,6,733.0,150.0
1,42,8,161.0,350.0
1,40,6,311.0,192.0
1,36,5,161.0,200.0
1,38,7,311.0,250.0
2,36,5,292.0,130.0
1,44,5,823.0,100.0
1,50,3,721.0,100.0
2,34,5,753.0,90.0
2,53,4,411.0,50.0
1,30,5,512.0,150.0
1,51,5,712.0,100.0
1,45,5,731.0,200.0
1,37,7,263.0,230.0
1,57,5,441.0,300.0
2,26,6,143.0,80.0
2,24,6,412.0,130.0
2,62,3,915.0,50.0
1,32,5,829.0,190.0
2,49,5,411.0,100.0
2,23,6,315.0,110.0
1,47,4,712.0,250.0
1,31,7,262.0,200.0
2,29,7,252.0,200.0
1,41,5,713.0,100.0
2,43,4,317.0,35.0
1,37,5,816.0,110.0
1,56,5,912.0,80.0
1,48,5,713.0,100.0
2,40,5,832.0,60.0
1,48,5,825.0,200.0
2,48,4,421.0,70.0
2,44,3,714.0,72.0
2,38,8,152.0,250.0
1,40,9,151.0,320.0
1,39,7,316.0,142.0
2,36,6,316.0,150.0
1,49,4,714.0,130.0
1,25,5,721.0,110.0
2,34,6,311.0,40.0
1,37,5,842.0,100.0
2,27,6,322.0,120.0
1,36,5,315.0,350.0
1,58,4,721.0,110.0
1,28,7,316.0,180.0
1,36,5,721.0,180.0
2,28,5,512.0,110.0
2,26,7,314.0,110.0
1,39,4,753.0,70.0
2,55,5,512.0,100.0
1,29,7,314.0,200.0
1,34,7,317.0,150.0
1,33,7,251.0,180.0
1,36,5,941.0,200.0
2,30,6,156.0,125.0
2,28,5,241.0,130.0
1,32,6,120.0,120.0
2,26,5,512.0,120.0
1,36,5,511.0,170.0
1,31,7,315.0,300.0
1,41,5,941.0,60.0
1,56,7,132.0,250.0
2,27,5,271.0,100.0
2,25,6,120.0,120.0
2,40,4,911.0,70.0
2,22,6,422.0,30.0
2,25,7,152.0,185.0
1,33,7,131.0,250.0
2,31,7,131.0,150.0
2,37,5,422.0,50.0
1,42,5,913.0,140.0
2,41,4,512.0,110.0
1,39,7,292.0,220.0
2,28,5,314.0,140.0
1,22,5,444.0,90.0
1,45,5,132.0,250.0
1,23,5,823.0,130.0
1,36,7,120.0,300.0
2,34,5,513.0,49.0
1,33,7,262.0,280.0
2,36,5,422.0,40.0
2,54,5,911.0,70.0
1,38,7,156.0,250.0
1,52,7,232.0,600.0
2,22,6,311.0,226.0
1,32,5,311.0,150.0
1,30,6,311.0,150.0
1,33,7,236.0,575.0
1,47,7,314.0,250.0
1,46,7,733.0,430.0
2,39,4,911.0,79.0
1,31,6,165.0,162.0
1,37,5,842.0,223.0
1,24,5,282.0,80.0
1,29,7,165.0,250.0
1,56,9,151.0,49.0
2,30,7,183.0,149.0
2,25,7,312.0,149.0
2,43,9,156.0,200.0
1,36,5,184.0,60.0
1,40,4,733.0,150.0
2,31,6,311.0,100.0
2,57,3,751.0,50.0
1,43,5,316.0,170.0
1,65,5,912.0,80.0
1,52,3,712.0,180.0
2,48,4,915.0,30.0
2,32,6,315.0,130.0
1,35,7,311.0,210.0
2,49,5,241.0,150.0
2,26,6,317.0,150.0
2,32,7,292.0,85.0
1,59,7,315.0,307.0
1,29,7,261.0,238.0
2,27,7,291.0,194.0
1,22,5,829.0,75.0
1,39,8,141.0,600.0
2,37,9,292.0,250.0
2,37,8,143.0,330.0
2,31,7,252.0,30.0
2,41,7,513.0,100.0
1,48,5,712.0,300.0
2,41,5,513.0,200.0
1,32,6,312.0,225.0
1,46,7,164.0,580.0
1,35,5,316.0,324.0
1,36,5,421.0,180.0
2,34,5,513.0,90.0
1,46,7,314.0,250.0
1,41,5,822.0,150.0
2,39,5,162.0,150.0
2,29,6,252.0,150.0
2,26,6,120.0,100.0
1,35,7,311.0,490.0
1,58,5,511.0,130.0
2,30,5,311.0,120.0
1,36,8,156.0,95.0
2,34,6,143.0,170.0
1,55,4,912.0,95.0
2,25,5,912.0,110.0
2,23,5,912.0,120.0
1,51,7,315.0,970.0
2,22,7,233.0,110.0
1,46,9,151.0,470.0
2,40,7,271.0,150.0
1,40,7,152.0,290.0
1,36,5,713.0,140.0
2,33,5,321.0,70.0
1,46,4,826.0,100.0
2,32,5,753.0,100.0
2,48,4,911.0,86.0
1,27,7,131.0,180.0
2,45,5,911.0,70.0
1,22,6,444.0,90.0
2,20,7,422.0,-1.0
1,46,9,151.0,500.0
1,55,4,941.0,170.0
1,27,6,733.0,180.0
1,24,6,316.0,200.0
1,31,6,120.0,250.0
1,30,7,183.0,200.0
1,28,6,512.0,150.0
2,30,5,422.0,80.0
1,44,8,152.0,300.0
2,41,7,313.0,300.0
1,35,5,721.0,200.0
1,53,4,721.0,145.0
2,49,3,829.0,49.0
1,26,6,613.0,100.0
2,23,7,271.0,100.0
1,37,7,315.0,238.0
2,36,7,512.0,80.0
1,37,7,262.0,300.0
1,37,5,712.0,200.0
2,24,7,154.0,150.0
1,36,5,831.0,343.0
1,38,7,131.0,270.0
1,26,7,316.0,150.0
1,37,8,120.0,360.0
1,45,7,161.0,280.0
1,43,8,316.0,300.0
1,38,6,315.0,250.0
1,37,7,316.0,300.0
1,41,5,511.0,150.0
2,33,5,832.0,50.0
1,58,7,23.0,370.0
1,53,9,151.0,550.0
1,34,5,753.0,200.0
1,40,7,315.0,464.0
2,37,7,512.0,70.0
1,53,7,142.0,295.0
2,26,7,262.0,-1.0
1,50,4,842.0,120.0
1,24,5,412.0,80.0
2,21,5,143.0,85.0
1,49,7,262.0,300.0
1,63,7,311.0,126.0
1,28,7,316.0,200.0
1,32,9,151.0,60.0
2,31,7,311.0,120.0
1,48,8,252.0,500.0
2,31,7,141.0,480.0
2,27,7,142.0,200.0
1,35,7,312.0,320.0
1,35,7,262.0,300.0
1,60,7,311.0,200.0
2,54,5,513.0,180.0
2,32,8,156.0,90.0
2,30,7,314.0,180.0
1,26,7,415.0,70.0
2,47,4,753.0,120.0
2,21,6,183.0,150.0
1,44,5,441.0,288.0
2,40,5,753.0,70.0
1,58,5,712.0,160.0
1,26,6,316.0,115.0
2,24,6,271.0,97.0
1,28,7,262.0,-1.0
1,26,7,156.0,40.0
2,47,4,911.0,30.0
1,24,5,913.0,35.0
2,50,5,521.0,100.0
2,58,3,911.0,54.0
2,33,5,512.0,-1.0
1,49,7,184.0,600.0
2,52,3,421.0,100.0
2,26,6,252.0,90.0
1,34,5,-1.0,200.0
1,32,7,262.0,147.0
1,43,5,316.0,210.0
2,47,8,151.0,42.0
1,72,2,911.0,74.0
2,33,8,314.0,220.0
2,29,7,311.0,174.0
2,46,5,315.0,60.0
1,64,8,313.0,500.0
1,30,7,263.0,240.0
1,58,5,712.0,80.0
1,24,5,512.0,60.0
1,50,8,22.0,400.0
2,24,7,312.0,170.0
1,29,7,132.0,220.0
2,27,7,142.0,280.0
1,29,7,262.0,110.0
2,35,5,753.0,70.0
1,65,4,232.0,50.0
2,72,3,911.0,55.0
2,57,5,411.0,80.0
1,67,5,912.0,70.0
1,51,6,23.0,385.0
2,48,5,842.0,150.0
1,24,7,913.0,72.0
1,52,7,261.0,400.0
1,53,5,321.0,240.0
2,51,5,241.0,240.0
1,27,7,220.0,180.0
2,25,6,311.0,150.0
2,58,3,911.0,50.0
1,33,7,732.0,200.0
2,29,6,143.0,130.0
2,49,7,271.0,85.0
2,23,6,322.0,30.0
2,25,7,311.0,97.0
2,45,4,753.0,16.0
1,56,6,912.0,88.0
2,29,5,511.0,140.0
2,27,5,312.0,150.0
1,47,5,829.0,158.0
1,43,5,444.0,330.0
2,45,5,311.0,120.0
1,40,5,712.0,160.0
1,61,3,713.0,120.0
1,46,3,721.0,100.0
1,34,5,842.0,180.0
1,40,7,714.0,190.0
1,35,7,135.0,220.0
2,35,7,156.0,150.0
2,55,3,914.0,15.0
1,28,5,316.0,140.0
2,31,7,316.0,365.0
2,24,7,322.0,110.0
2,18,7,422.0,40.0
1,59,9,151.0,580.0
2,26,7,152.0,192.0
2,52,3,751.0,65.0
2,22,7,252.0,20.0
1,45,7,152.0,380.0
1,58,3,842.0,230.0
2,31,7,23.0,230.0
1,29,6,314.0,150.0
2,52,7,142.0,300.0
2,39,5,422.0,100.0
2,56,5,513.0,200.0
1,33,8,232.0,400.0
1,31,7,825.0,185.0
2,28,7,317.0,145.0
1,55,4,311.0,120.0
1,51,7,313.0,350.0
1,46,9,164.0,130.0
1,51,7,153.0,320.0
2,44,7,153.0,300.0
2,40,8,321.0,600.0
2,28,6,143.0,127.0
2,26,5,512.0,145.0
1,24,5,262.0,110.0
2,30,6,521.0,98.0
1,66,5,912.0,84.0
1,67,5,912.0,75.0
1,44,7,151.0,68.0
2,44,6,512.0,100.0
1,37,5,712.0,215.0
2,36,5,321.0,40.0
1,56,8,23.0,350.0
1,34,6,262.0,174.0
1,55,7,30.0,650.0
2,21,6,263.0,70.0
1,30,7,220.0,198.0
2,29,7,152.0,246.0
2,43,4,913.0,40.0
1,46,7,431.0,470.0
1,50,5,912.0,100.0
2,49,6,915.0,124.0
2,22,7,252.0,70.0
2,20,7,422.0,20.0
1,57,7,120.0,730.0
2,26,8,315.0,234.0
2,36,7,271.0,90.0
1,50,8,272.0,120.0
1,23,6,530.0,70.0
2,42,5,513.0,90.0
1,43,7,829.0,390.0
1,44,6,311.0,200.0
2,43,4,421.0,180.0
2,32,5,512.0,85.0
1,39,6,131.0,270.0
1,38,4,913.0,90.0
1,33,7,315.0,300.0
1,48,5,842.0,240.0
2,23,7,252.0,120.0
2,21,7,252.0,50.0
2,36,5,318.0,110.0
1,30,6,220.0,110.0
1,38,7,262.0,197.0
1,37,7,-1.0,235.0
1,68,3,912.0,60.0
1,32,6,262.0,148.0
1,30,7,712.0,198.0
1,34,5,915.0,80.0
1,29,5,292.0,200.0
2,28,5,-1.0,150.0
1,42,5,314.0,180.0
1,26,9,132.0,50.0
2,24,5,315.0,60.0
1,23,5,183.0,80.0
2,24,7,422.0,100.0
1,41,5,721.0,180.0
1,34,9,151.0,260.0
2,33,7,242.0,190.0
2,30,7,263.0,148.0
1,31,7,733.0,148.0
2,53,5,911.0,90.0
2,25,7,120.0,139.0
1,23,5,282.0,100.0
1,43,7,161.0,230.0
2,37,5,832.0,79.0
2,55,4,711.0,150.0
2,32,5,315.0,130.0
1,31,5,842.0,160.0
1,48,7,120.0,420.0
1,46,5,311.0,300.0
2,47,4,731.0,75.0
1,23,7,317.0,50.0
1,28,6,315.0,297.0
2,53,3,911.0,80.0
1,19,5,511.0,50.0
1,39,5,316.0,300.0
1,39,7,311.0,280.0
1,41,7,262.0,100.0
1,35,7,131.0,210.0
1,53,5,262.0,246.0
2,49,5,911.0,80.0
2,25,7,263.0,147.0
2,68,2,911.0,20.0
1,53,5,821.0,230.0
1,23,7,821.0,90.0
1,20,6,131.0,80.0
1,32,8,312.0,215.0
2,54,3,930.0,40.0
2,27,7,143.0,168.0
2,66,3,411.0,60.0
1,36,5,911.0,98.0
1,34,7,234.0,200.0
1,41,5,829.0,296.0
2,40,5,512.0,100.0
1,58,3,721.0,158.0
2,26,6,315.0,119.0
2,42,5,512.0,75.0
2,20,7,252.0,30.0
2,31,5,315.0,75.0
1,54,7,316.0,245.0
2,53,5,321.0,150.0
1,28,7,262.0,118.0
1,71,3,713.0,60.0
1,50,3,630.0,100.0
1,34,5,821.0,110.0
1,57,4,842.0,42.0
2,47,4,513.0,147.0
2,27,5,512.0,80.0
1,33,5,441.0,297.0
1,56,5,831.0,148.0
2,28,7,311.0,108.0
2,56,3,930.0,69.0
1,25,5,721.0,149.0
1,52,5,713.0,200.0
1,30,7,513.0,250.0
1,56,4,712.0,100.0
1,49,4,733.0,153.0
2,50,4,411.0,94.0
1,53,5,23.0,400.0
1,57,3,713.0,40.0
2,54,3,930.0,30.0
1,32,5,842.0,127.0
2,27,5,281.0,150.0
1,44,5,941.0,70.0
1,36,5,842.0,120.0
2,31,5,421.0,50.0
1,45,4,821.0,150.0
2,44,5,913.0,50.0
1,36,5,733.0,157.0
1,30,5,731.0,97.0
1,49,5,731.0,275.0
2,47,4,826.0,50.0
2,20,7,422.0,40.0
1,56,5,316.0,170.0
2,50,5,513.0,100.0
1,38,7,313.0,250.0
1,32,7,441.0,197.0
2,43,4,753.0,70.0
2,66,3,941.0,70.0
2,63,5,511.0,36.0
1,40,4,415.0,300.0
2,20,5,412.0,60.0
2,45,4,422.0,120.0
1,33,7,316.0,165.0
1,33,7,315.0,288.0
2,70,2,915.0,60.0
1,62,3,712.0,200.0
2,64,3,513.0,0.0
1,35,5,915.0,150.0
1,33,5,422.0,200.0
1,48,4,733.0,100.0
2,47,4,826.0,90.0
1,35,5,731.0,120.0
1,32,5,913.0,160.0
1,47,4,911.0,78.0
2,44,3,422.0,70.0
1,44,4,754.0,100.0
2,45,3,754.0,20.0
2,44,3,422.0,80.0
1,48,4,942.0,100.0
1,33,6,314.0,148.0
2,32,6,271.0,80.0
1,46,5,815.0,148.0
2,42,5,930.0,59.0
1,22,7,317.0,50.0
1,36,6,731.0,149.0
2,32,5,821.0,79.0
1,45,5,753.0,230.0
2,39,5,422.0,100.0
1,55,4,721.0,169.0
1,31,7,816.0,129.0
1,36,7,513.0,150.0
2,67,4,411.0,40.0
1,50,4,713.0,85.0
2,47,4,753.0,59.0
1,24,6,713.0,148.0
2,22,5,521.0,118.0
1,55,4,823.0,129.0
2,53,4,753.0,60.0
2,25,7,132.0,128.0
2,27,5,832.0,118.0
1,30,6,262.0,148.0
1,26,5,913.0,130.0
2,25,6,322.0,109.0
2,23,5,317.0,90.0
1,36,5,316.0,150.0
2,35,5,826.0,40.0
2,47,4,911.0,155.0
1,25,5,412.0,100.0
1,54,5,316.0,313.0
2,25,7,152.0,195.0
1,52,4,722.0,204.0
2,26,6,237.0,117.0
2,24,7,315.0,60.0
1,47,4,721.0,100.0
1,53,4,941.0,150.0
2,23,5,321.0,60.0
1,68,9,151.0,80.0
1,28,7,311.0,214.0
1,29,7,120.0,180.0
1,30,6,231.0,188.0
1,36,7,415.0,150.0
1,38,5,721.0,120.0
2,36,5,513.0,220.0
2,37,5,422.0,100.0
1,49,3,712.0,100.0
2,47,3,753.0,60.0
1,26,5,713.0,117.0
2,22,5,-1.0,118.0
1,32,6,311.0,197.0
1,31,7,311.0,247.0
2,26,7,315.0,100.0
1,54,8,152.0,435.0
1,27,7,237.0,142.0
2,48,4,911.0,80.0
2,25,7,315.0,127.0
1,23,7,318.0,80.0
2,20,7,422.0,63.0
1,28,7,316.0,193.0
1,26,7,315.0,238.0
1,29,7,512.0,150.0
1,32,7,316.0,186.0
1,50,5,316.0,322.0
2,22,7,315.0,63.0
1,33,5,829.0,119.0
1,31,6,731.0,105.0
1,44,6,316.0,300.0
1,48,7,314.0,200.0
1,49,5,712.0,80.0
1,54,4,752.0,150.0
1,27,7,512.0,128.0
2,25,6,235.0,165.0
1,65,5,315.0,100.0
1,35,7,513.0,200.0
1,60,4,912.0,60.0
2,56,3,911.0,30.0
2,29,5,315.0,147.0
1,27,7,317.0,98.0
1,25,6,713.0,100.0
1,36,5,842.0,100.0
2,30,7,744.0,100.0
1,33,7,441.0,220.0
1,43,3,812.0,150.0
2,43,3,911.0,80.0
1,20,5,930.0,95.0
2,55,3,941.0,40.0
2,23,5,322.0,78.0
1,28,7,823.0,108.0
2,49,3,914.0,40.0
1,21,5,911.0,48.0
1,52,3,713.0,50.0
1,42,5,843.0,300.0
2,50,3,930.0,60.0
1,23,5,829.0,168.0
1,65,4,912.0,70.0
1,34,6,832.0,117.0
2,34,4,913.0,120.0
1,46,5,823.0,227.0
2,40,4,753.0,80.0
1,45,3,713.0,150.0
2,40,3,713.0,50.0
2,51,3,421.0,70.0
2,26,5,512.0,100.0
1,44,7,313.0,250.0
2,40,6,421.0,60.0
1,35,7,322.0,297.0
1,59,5,712.0,100.0
2,49,3,911.0,78.0
2,27,5,422.0,57.0
1,22,5,741.0,58.0
2,42,4,512.0,60.0
1,47,6,262.0,249.0
1,37,4,731.0,140.0
2,56,5,512.0,99.0
1,32,6,511.0,148.0
1,54,4,942.0,147.0
2,54,3,823.0,78.0
1,56,4,311.0,147.0
2,50,3,826.0,78.0
2,24,5,412.0,80.0
2,21,5,317.0,70.0
1,60,4,912.0,55.0
1,30,6,821.0,165.0
1,46,5,511.0,148.0
1,59,4,912.0,70.0
1,34,5,262.0,328.0
2,34,5,911.0,88.0
1,32,4,842.0,180.0
2,28,6,144.0,127.0
1,43,9,311.0,350.0
2,37,7,312.0,250.0
2,42,5,512.0,80.0
2,52,4,911.0,88.0
2,31,7,322.0,158.0
1,28,7,816.0,195.0
1,45,3,733.0,100.0
2,41,4,422.0,70.0
2,44,4,930.0,87.0
2,27,8,252.0,60.0
1,49,3,941.0,180.0
2,49,4,911.0,50.0
2,31,5,422.0,60.0
1,23,6,831.0,60.0
1,34,5,829.0,177.0
2,36,4,911.0,87.0
1,34,5,312.0,340.0
2,34,5,513.0,97.0
2,46,4,812.0,90.0
1,35,5,713.0,150.0
1,56,4,713.0,70.0
1,27,6,713.0,117.0
1,60,3,941.0,20.0
1,56,3,941.0,70.0
1,43,4,842.0,118.0
1,60,4,823.0,159.0
1,28,6,712.0,100.0
2,36,5,513.0,148.0
1,52,7,441.0,423.0
2,47,5,513.0,118.0
2,56,4,421.0,70.0
1,48,5,236.0,167.0
1,24,7,165.0,197.0
2,57,5,521.0,150.0
2,40,6,143.0,297.0
1,63,7,912.0,70.0
1,26,7,131.0,190.0
2,33,5,521.0,50.0
2,26,7,316.0,84.0
1,53,7,157.0,300.0
2,45,6,153.0,200.0
1,49,8,816.0,590.0
2,46,5,512.0,150.0
1,52,5,161.0,275.0
1,24,6,314.0,118.0
1,46,4,941.0,100.0
1,48,4,821.0,127.0
1,19,5,422.0,73.0
2,35,5,823.0,60.0
1,33,4,842.0,120.0
2,32,5,315.0,98.0
1,29,5,721.0,120.0
1,28,7,131.0,148.0
2,25,6,315.0,148.0
1,50,4,812.0,197.0
1,30,8,272.0,120.0
1,42,5,721.0,257.0
1,48,3,731.0,178.0
2,22,6,315.0,80.0
1,40,7,941.0,80.0
2,36,5,930.0,20.0
1,40,4,714.0,120.0
2,44,4,911.0,60.0
1,44,5,914.0,200.0
1,59,4,843.0,100.0
2,30,6,271.0,80.0
1,40,5,942.0,110.0
2,40,5,911.0,35.0
1,47,7,142.0,150.0
1,49,4,941.0,100.0
2,48,3,421.0,60.0
2,23,7,321.0,90.0
1,33,4,751.0,130.0
2,32,4,911.0,55.0
1,42,4,713.0,80.0
2,40,5,512.0,68.0
1,50,4,842.0,200.0
1,49,4,712.0,80.0
2,42,4,915.0,50.0
2,26,6,143.0,100.0
2,53,3,421.0,50.0
1,23,6,842.0,98.0
1,32,6,132.0,370.0
1,54,5,712.0,80.0
2,29,8,120.0,150.0
2,26,6,412.0,80.0
2,23,6,317.0,70.0
2,55,3,911.0,80.0
2,23,6,911.0,80.0
1,48,4,316.0,300.0
2,25,8,156.0,98.0
1,37,6,512.0,295.0
2,35,7,252.0,100.0
2,33,7,154.0,135.0
1,54,5,911.0,120.0
2,28,6,322.0,100.0
1,41,5,842.0,175.0
1,47,5,913.0,150.0
1,44,3,842.0,160.0
1,32,5,-1.0,150.0
2,44,7,826.0,60.0
1,19,5,415.0,60.0
2,45,3,821.0,80.0
1,57,5,912.0,53.0
2,52,4,911.0,80.0
1,50,5,712.0,150.0
2,48,5,911.0,50.0
1,28,8,315.0,250.0
1,26,6,713.0,130.0
1,46,5,812.0,150.0
2,39,5,422.0,80.0
2,52,5,313.0,197.0
1,56,5,-1.0,197.0
2,46,4,421.0,50.0
2,19,7,422.0,35.0
2,25,6,321.0,99.0
2,23,6,315.0,99.0
2,59,3,930.0,80.0
1,51,4,813.0,124.0
2,42,4,813.0,84.0
1,56,4,812.0,195.0
2,28,5,829.0,168.0
1,26,6,311.0,170.0
2,23,6,154.0,90.0
1,42,5,712.0,160.0
2,38,4,422.0,85.0
2,19,6,415.0,50.0
1,42,5,712.0,150.0
1,44,3,732.0,145.0
2,39,3,826.0,84.0
2,19,5,220.0,118.0
1,28,7,262.0,147.0
1,31,7,293.0,145.0
1,42,8,23.0,440.0
2,38,7,313.0,245.0
2,36,6,143.0,266.0
1,47,7,733.0,320.0
2,47,5,513.0,400.0
1,40,7,262.0,395.0
1,47,8,156.0,382.0
2,32,9,156.0,100.0
1,34,8,131.0,300.0
2,23,5,315.0,115.0
2,47,7,152.0,320.0
1,67,8,151.0,300.0
2,58,7,313.0,257.0
1,33,7,131.0,158.0
1,43,8,315.0,300.0
2,43,7,271.0,16.0
2,49,6,153.0,369.0
1,19,6,911.0,34.0
1,41,8,156.0,243.0
1,54,4,842.0,131.0
2,22,6,322.0,75.0
2,25,7,145.0,100.0
1,48,5,844.0,160.0
2,44,4,911.0,40.0
1,57,5,914.0,265.0
1,27,7,311.0,128.0
1,74,3,912.0,50.0
2,25,7,315.0,70.0
1,23,5,913.0,70.0
2,38,4,754.0,80.0
1,37,5,823.0,103.0
2,38,4,913.0,30.0
2,70,2,411.0,50.0
1,48,5,721.0,88.0
2,45,5,826.0,69.0
1,56,4,713.0,115.0
2,50,3,754.0,68.0
1,42,5,316.0,243.0
1,49,4,316.0,150.0
2,44,4,512.0,59.0
2,21,6,512.0,80.0
2,46,5,911.0,70.0
2,25,5,241.0,70.0
1,32,4,930.0,128.0
1,39,5,721.0,90.0
2,38,5,753.0,55.0
1,46,4,822.0,218.0
2,43,4,751.0,50.0
2,20,5,832.0,110.0
1,40,7,152.0,293.0
2,40,7,513.0,480.0
1,51,5,842.0,145.0
2,43,5,143.0,92.0
1,50,5,316.0,218.0
2,21,6,263.0,99.0
1,32,5,826.0,133.0
2,61,3,421.0,100.0
1,35,5,237.0,130.0
1,32,5,713.0,140.0
1,32,7,181.0,118.0
1,58,7,912.0,70.0
2,49,5,915.0,70.0
2,39,5,313.0,300.0
1,40,7,443.0,238.0
2,36,5,318.0,70.0
1,39,7,313.0,186.0
1,41,7,111.0,300.0
2,41,5,521.0,200.0
1,39,7,313.0,297.0
2,39,6,143.0,93.0
2,41,5,321.0,148.0
1,52,3,712.0,80.0
1,50,4,941.0,80.0
1,24,5,821.0,180.0
2,42,7,152.0,225.0
1,31,6,133.0,160.0
1,65,3,912.0,68.0
2,54,3,826.0,80.0
2,28,7,156.0,95.0
1,27,7,316.0,165.0
2,60,3,421.0,80.0
1,62,4,912.0,62.0
1,57,3,712.0,195.0
1,46,5,712.0,80.0
1,19,6,422.0,50.0
1,27,5,322.0,88.0
1,37,7,131.0,200.0
2,34,5,512.0,70.0
2,30,6,241.0,127.0
2,27,7,317.0,127.0
1,25,7,220.0,140.0
2,22,6,315.0,80.0
1,28,7,829.0,116.0
2,28,7,172.0,155.0
1,26,6,292.0,70.0
1,48,5,821.0,137.0
2,46,4,753.0,88.0
1,22,7,831.0,70.0
1,47,5,842.0,58.0
2,42,4,913.0,80.0
1,28,5,316.0,90.0
2,40,7,513.0,297.0
1,41,8,23.0,490.0
2,37,7,152.0,290.0
1,32,7,316.0,243.0
1,55,5,912.0,75.0
2,47,5,421.0,60.0
1,57,7,311.0,100.0
2,27,7,220.0,-1.0
2,28,7,252.0,300.0
1,27,7,323.0,115.0
1,56,3,713.0,145.0
2,27,6,271.0,57.0
2,28,5,826.0,92.0
1,22,5,913.0,40.0
1,30,5,915.0,80.0
1,57,4,712.0,80.0
1,31,6,441.0,210.0
1,26,6,821.0,96.0
2,45,4,826.0,116.0
2,24,6,826.0,116.0
1,52,5,731.0,340.0
1,23,6,731.0,145.0
1,45,4,842.0,140.0
1,36,7,314.0,490.0
2,41,6,412.0,40.0
1,56,4,914.0,175.0
2,54,3,411.0,50.0
2,26,5,220.0,98.0
1,32,8,132.0,230.0
2,28,7,154.0,80.0
1,55,5,318.0,280.0
2,26,7,827.0,110.0
1,51,5,733.0,178.0
1,42,5,941.0,112.0
1,36,7,315.0,160.0
1,53,7,237.0,215.0
2,50,6,153.0,261.0
1,67,3,912.0,60.0
1,35,7,733.0,125.0
2,35,5,23.0,68.0
2,45,5,753.0,98.0
1,54,4,842.0,68.0
2,26,5,412.0,65.0
1,56,3,826.0,99.0
2,51,3,826.0,80.0
2,39,5,422.0,110.0
1,30,6,831.0,149.0
1,43,7,831.0,115.0
1,33,7,321.0,245.0
1,45,3,941.0,50.0
1,31,5,821.0,200.0
1,53,5,721.0,119.0
2,45,4,829.0,76.0
2,22,7,315.0,70.0
1,29,6,321.0,250.0
1,40,5,721.0,150.0
1,42,5,826.0,194.0
2,38,5,913.0,80.0
1,34,5,731.0,300.0
2,49,3,421.0,100.0
2,24,6,241.0,70.0
1,51,4,732.0,100.0
1,37,4,941.0,180.0
2,28,6,317.0,60.0
1,42,5,291.0,190.0
1,45,3,23.0,96.0
2,39,4,826.0,80.0
1,49,5,236.0,195.0
2,47,3,826.0,80.0
2,24,5,827.0,85.0
2,25,6,311.0,130.0
1,36,4,312.0,120.0
1,29,7,422.0,118.0
1,24,6,713.0,80.0
1,33,6,231.0,204.0
2,41,5,315.0,80.0
1,27,7,311.0,150.0
1,48,6,235.0,195.0
2,22,6,512.0,90.0
2,33,7,152.0,193.0
1,45,6,511.0,200.0
1,63,3,829.0,65.0
1,34,5,821.0,200.0
1,39,7,829.0,175.0
1,48,5,842.0,74.0
1,28,5,511.0,170.0
2,64,3,911.0,80.0
1,34,4,823.0,118.0
2,31,6,252.0,130.0
1,29,5,913.0,110.0
2,24,5,315.0,90.0
1,43,4,721.0,130.0
2,43,4,915.0,40.0
1,39,5,744.0,165.0
1,45,4,941.0,120.0
1,34,6,311.0,146.0
2,31,7,182.0,150.0
1,61,6,826.0,96.0
2,34,7,143.0,105.0
1,48,5,311.0,120.0
2,45,5,322.0,100.0
1,55,3,823.0,179.0
2,47,3,826.0,88.0
2,24,6,415.0,69.0
1,49,4,941.0,150.0
1,31,6,235.0,140.0
2,33,5,315.0,179.0
2,31,6,315.0,185.0
1,29,5,842.0,64.0
1,41,7,231.0,160.0
1,67,4,912.0,65.0
2,30,5,826.0,140.0
1,53,4,712.0,78.0
2,23,7,152.0,190.0
1,35,5,512.0,150.0
2,46,3,752.0,55.0
1,19,6,821.0,105.0
1,34,7,316.0,195.0
1,41,5,316.0,210.0
1,44,7,311.0,323.0
2,39,6,512.0,60.0
2,27,7,235.0,118.0
1,30,7,131.0,175.0
1,28,7,316.0,22.0
1,49,4,733.0,194.0
2,23,6,321.0,60.0
1,44,7,23.0,200.0
2,44,6,311.0,70.0
1,42,5,721.0,130.0
1,47,7,23.0,290.0
1,43,7,311.0,160.0
2,38,7,154.0,300.0
1,29,5,262.0,100.0
1,27,7,732.0,170.0
1,65,4,816.0,100.0
1,43,5,941.0,150.0
2,45,5,911.0,30.0
1,65,4,912.0,65.0
1,30,5,913.0,115.0
1,55,5,843.0,240.0
1,26,5,-1.0,120.0
1,39,7,262.0,70.0
1,56,5,165.0,248.0
1,33,5,811.0,200.0
1,32,6,316.0,260.0
2,62,2,914.0,40.0
1,32,4,713.0,100.0
2,30,5,511.0,70.0
2,20,6,422.0,60.0
2,49,5,513.0,30.0
1,48,7,842.0,191.0
1,41,7,23.0,458.0
2,38,7,143.0,248.0
1,32,5,-1.0,175.0
1,27,6,132.0,137.0
1,58,4,941.0,50.0
2,49,4,911.0,90.0
2,25,5,311.0,80.0
2,23,6,144.0,87.0
2,55,3,421.0,100.0
1,32,6,511.0,87.0
2,46,6,753.0,60.0
1,60,5,912.0,72.0
2,57,3,753.0,80.0
1,33,7,721.0,80.0
1,37,5,732.0,146.0
2,35,5,513.0,60.0
2,27,8,152.0,100.0
1,46,4,713.0,180.0
2,42,3,831.0,72.0
2,19,5,930.0,108.0
1,37,6,312.0,200.0
2,33,7,315.0,200.0
1,27,7,733.0,96.0
1,58,7,316.0,95.0
1,46,6,314.0,480.0
1,18,7,422.0,30.0
1,45,6,315.0,340.0
1,52,7,152.0,490.0
2,57,3,421.0,130.0
1,35,6,842.0,-1.0
1,46,5,941.0,90.0
2,41,4,826.0,88.0
1,63,4,912.0,63.0
2,30,7,156.0,80.0
1,35,7,153.0,115.0
1,51,3,842.0,148.0
2,48,3,753.0,80.0
2,25,6,242.0,100.0
1,47,4,831.0,115.0
2,35,5,733.0,55.0
2,24,7,251.0,79.0
1,48,6,831.0,145.0
2,44,5,831.0,53.0
1,38,6,313.0,200.0
2,59,5,513.0,230.0
1,44,7,164.0,390.0
1,38,4,821.0,137.0
1,47,5,731.0,200.0
1,36,5,713.0,155.0
1,46,3,914.0,70.0
2,41,3,911.0,70.0
1,50,5,713.0,200.0
2,45,4,826.0,77.0
1,28,5,512.0,96.0
1,28,5,731.0,145.0
2,49,3,911.0,50.0
1,27,6,-1.0,87.0
1,25,6,712.0,96.0
1,38,4,941.0,80.0
1,52,4,721.0,180.0
2,44,3,411.0,60.0
1,24,5,751.0,108.0
1,36,5,732.0,120.0
2,31,5,831.0,50.0
1,32,5,843.0,143.0
1,51,5,842.0,187.0
1,21,6,832.0,70.0
1,26,5,913.0,90.0
2,30,5,422.0,65.0
1,32,7,312.0,300.0
2,59,5,911.0,62.0
1,48,4,829.0,170.0
1,30,6,311.0,204.0
1,27,6,131.0,180.0
2,36,5,315.0,99.0
2,30,5,512.0,118.0
1,54,3,412.0,100.0
1,31,5,913.0,159.0
1,47,5,293.0,225.0
1,50,5,733.0,70.0
2,45,5,832.0,98.0
1,47,5,941.0,100.0
2,57,3,421.0,50.0
2,32,5,512.0,100.0
1,49,5,712.0,100.0
1,61,5,236.0,119.0
2,30,7,154.0,173.0
1,41,7,712.0,150.0
2,35,7,714.0,120.0
2,35,5,512.0,80.0
1,34,7,314.0,207.0
2,45,5,511.0,100.0
1,61,5,913.0,110.0
2,38,5,930.0,50.0
2,36,7,153.0,207.0
1,35,8,313.0,195.0
2,33,7,313.0,175.0
2,29,6,311.0,95.0
1,54,7,732.0,297.0
2,48,5,311.0,119.0
1,46,4,842.0,145.0
2,44,3,422.0,80.0
2,26,5,143.0,199.0
1,22,5,832.0,60.0
2,31,7,152.0,200.0
1,28,7,156.0,148.0
1,53,5,912.0,105.0
2,51,4,421.0,78.0
1,29,6,312.0,127.0
2,35,5,422.0,80.0
1,50,4,316.0,139.0
2,21,5,241.0,85.0
2,52,4,512.0,69.0
1,55,5,733.0,200.0
1,29,7,941.0,150.0
1,42,6,842.0,100.0
2,38,5,315.0,120.0
1,50,4,713.0,100.0
2,23,5,323.0,70.0
1,38,6,262.0,168.0
2,28,6,311.0,120.0
1,27,7,134.0,155.0
1,35,6,313.0,190.0
2,53,5,241.0,196.0
2,26,6,317.0,90.0
1,48,6,131.0,195.0
1,57,5,816.0,185.0
1,27,5,911.0,100.0
1,36,6,132.0,195.0
2,45,5,911.0,60.0
1,53,4,236.0,300.0
2,53,3,826.0,148.0
1,28,5,444.0,140.0
1,61,5,842.0,100.0
1,27,6,314.0,195.0
1,26,6,263.0,195.0
1,35,5,831.0,150.0
1,42,7,120.0,137.0
1,34,5,314.0,240.0
1,33,5,829.0,177.0
2,44,4,823.0,119.0
2,59,3,421.0,89.0
2,47,3,911.0,110.0
1,26,7,156.0,99.0
2,53,3,314.0,100.0
1,29,5,843.0,98.0
1,28,7,733.0,117.0
1,27,6,323.0,97.0
2,43,5,292.0,158.0
1,42,7,152.0,260.0
2,38,6,271.0,130.0
1,36,6,220.0,217.0
1,32,6,832.0,176.0
1,36,5,913.0,130.0
1,39,4,512.0,160.0
1,64,4,912.0,69.0
1,51,3,941.0,200.0
2,44,3,753.0,100.0
2,26,7,293.0,119.0
2,40,5,832.0,50.0
1,49,5,712.0,167.0
2,45,5,422.0,50.0
2,24,5,411.0,78.0
1,22,7,829.0,68.0
1,27,6,733.0,85.0
1,25,6,511.0,130.0
1,53,4,911.0,100.0
1,23,5,733.0,90.0
1,45,3,752.0,117.0
2,42,4,911.0,60.0
1,52,4,316.0,150.0
2,52,4,513.0,100.0
2,31,5,315.0,100.0
2,24,5,422.0,100.0
1,27,5,823.0,137.0
1,24,6,829.0,118.0
1,39,6,831.0,118.0
2,33,5,832.0,69.0
2,37,5,421.0,54.0
1,36,5,842.0,128.0
2,33,5,832.0,69.0
1,42,5,914.0,59.0
1,43,7,316.0,130.0
1,23,6,831.0,68.0
1,34,6,941.0,130.0
2,37,5,930.0,74.0
1,37,5,842.0,200.0
2,34,4,833.0,80.0
2,23,5,522.0,80.0
2,48,5,832.0,69.0
1,76,3,912.0,70.0
2,26,5,241.0,125.0
1,54,4,941.0,80.0
2,20,7,823.0,95.0
1,30,6,233.0,185.0
1,28,7,315.0,120.0
1,65,5,941.0,120.0
2,51,5,911.0,60.0
1,30,7,262.0,145.0
1,51,5,733.0,146.0
1,30,7,314.0,195.0
1,27,5,832.0,138.0
1,63,3,941.0,120.0
2,41,5,321.0,70.0
2,26,7,316.0,180.0
2,34,5,315.0,175.0
1,66,4,721.0,250.0
1,33,5,812.0,200.0
1,44,5,842.0,200.0
1,48,3,741.0,197.0
1,53,7,316.0,195.0
2,52,7,832.0,60.0
1,48,3,941.0,160.0
2,44,3,753.0,100.0
2,44,4,741.0,117.0
1,20,6,322.0,69.0
2,59,3,714.0,100.0
1,26,6,713.0,129.0
1,29,7,237.0,180.0
1,34,6,-1.0,210.0
1,45,5,712.0,160.0
2,46,5,411.0,40.0
1,33,5,311.0,240.0
1,40,4,262.0,80.0
2,43,4,314.0,130.0
2,37,4,832.0,100.0
1,53,5,441.0,190.0
2,24,6,314.0,100.0
1,55,5,131.0,200.0
2,56,5,513.0,100.0
2,31,5,156.0,100.0
1,29,5,183.0,180.0
2,21,6,312.0,120.0
2,30,7,143.0,205.0
1,61,4,941.0,100.0
2,53,4,833.0,90.0
1,29,5,941.0,100.0
1,38,5,415.0,100.0
1,34,5,843.0,220.0
1,58,5,821.0,139.0
1,24,6,237.0,99.0
1,27,5,832.0,120.0
1,63,5,912.0,78.0
2,33,5,512.0,100.0
1,32,5,825.0,140.0
1,41,5,831.0,149.0
2,27,5,311.0,100.0
2,23,7,512.0,43.0
1,41,5,842.0,48.0
1,33,5,311.0,80.0
2,29,5,262.0,100.0
1,41,5,232.0,220.0
1,42,7,262.0,60.0
2,32,7,153.0,175.0
1,48,5,831.0,210.0
2,48,4,911.0,100.0
2,21,6,311.0,80.0
2,32,5,156.0,193.0
1,32,7,220.0,164.0
1,48,7,132.0,380.0
2,45,7,513.0,190.0
2,49,4,713.0,100.0
2,25,6,323.0,116.0
1,36,5,511.0,185.0
2,33,5,832.0,20.0
1,51,7,315.0,300.0
2,21,5,315.0,120.0
2,51,4,421.0,120.0
2,23,5,311.0,120.0
1,43,4,714.0,120.0
2,40,4,421.0,60.0
2,47,5,930.0,35.0
1,21,6,832.0,60.0
1,34,9,314.0,300.0
2,29,6,315.0,99.0
1,46,6,161.0,178.0
1,40,5,821.0,130.0
1,47,5,23.0,150.0
2,41,5,422.0,60.0
1,36,7,513.0,200.0
1,42,5,842.0,180.0
1,58,5,912.0,69.0
1,30,8,220.0,177.0
1,44,5,512.0,230.0
2,42,5,741.0,129.0
2,19,6,512.0,30.0
1,25,6,422.0,100.0
2,51,3,911.0,79.0
2,23,5,431.0,118.0
1,54,5,316.0,350.0
1,49,3,843.0,178.0
2,46,5,753.0,80.0
1,24,6,512.0,100.0
1,45,6,313.0,245.0
2,39,5,313.0,245.0
1,44,5,312.0,195.0
1,33,5,812.0,99.0
2,35,5,237.0,119.0
1,38,5,712.0,130.0
2,44,5,421.0,110.0
2,20,5,829.0,135.0
2,56,3,421.0,80.0
1,49,5,842.0,100.0
2,45,4,237.0,70.0
1,25,5,512.0,100.0
1,50,3,712.0,100.0
2,25,6,315.0,120.0
1,23,5,825.0,130.0
2,37,5,316.0,127.0
2,49,4,512.0,80.0
2,48,3,911.0,50.0
1,46,4,415.0,100.0
2,39,3,827.0,65.0
1,34,5,831.0,300.0
2,27,7,252.0,160.0
2,42,4,421.0,80.0
1,30,7,316.0,120.0
1,27,7,311.0,282.0
2,51,3,911.0,60.0
2,25,6,412.0,80.0
2,55,3,411.0,30.0
2,31,7,252.0,30.0
1,31,8,155.0,246.0
2,26,7,142.0,198.0
1,58,4,912.0,69.0
2,53,3,911.0,59.0
1,29,7,314.0,175.0
1,25,6,321.0,148.0
1,38,5,263.0,100.0
2,65,3,911.0,60.0
1,32,7,315.0,150.0
1,39,5,941.0,173.0
2,38,5,832.0,60.0
1,32,6,263.0,178.0
2,30,6,317.0,90.0
1,38,5,913.0,130.0
2,33,5,422.0,60.0
1,48,3,941.0,55.0
2,41,3,411.0,65.0
1,32,5,512.0,150.0
2,30,5,512.0,100.0
1,65,3,915.0,60.0
2,58,3,915.0,60.0
1,32,5,821.0,110.0
1,35,5,913.0,200.0
1,34,5,911.0,100.0
1,31,5,822.0,148.0
1,55,5,441.0,350.0
2,25,6,154.0,100.0
1,21,7,252.0,50.0
1,55,7,318.0,220.0
2,37,5,156.0,70.0
1,42,8,220.0,360.0
1,39,5,832.0,326.0
1,64,7,912.0,50.0
1,39,7,315.0,400.0
2,39,7,241.0,300.0
2,39,7,314.0,300.0
1,39,7,733.0,230.0
1,30,7,316.0,251.0
1,60,7,152.0,300.0
2,29,7,156.0,105.0
2,62,2,611.0,60.0
1,54,5,713.0,160.0
2,48,5,315.0,90.0
1,34,5,262.0,139.0
1,38,8,182.0,100.0
1,36,7,23.0,175.0
2,34,5,262.0,150.0
1,52,4,712.0,200.0
2,26,7,317.0,60.0
2,26,7,153.0,193.0
1,37,7,713.0,195.0
1,30,6,733.0,90.0
2,54,7,153.0,300.0
2,27,7,142.0,300.0
1,59,3,941.0,10.0
1,56,2,941.0,60.0
1,31,7,156.0,120.0
1,28,7,733.0,130.0
1,31,7,311.0,120.0
1,56,7,23.0,383.0
2,45,5,512.0,89.0
1,38,7,732.0,250.0
2,36,6,512.0,50.0
1,46,7,311.0,325.0
2,58,4,411.0,40.0
2,23,7,156.0,130.0
1,54,7,23.0,460.0
1,34,7,-1.0,140.0
1,39,5,282.0,330.0
1,43,7,292.0,195.0
1,54,5,842.0,138.0
2,52,4,530.0,100.0
2,24,7,315.0,65.0
1,36,7,842.0,95.0
2,25,6,315.0,75.0
2,33,7,252.0,150.0
1,67,7,912.0,30.0
2,40,5,513.0,400.0
1,31,7,441.0,210.0
1,46,7,173.0,250.0
1,36,7,311.0,270.0
1,41,5,842.0,180.0
2,31,4,422.0,80.0
1,35,6,731.0,90.0
2,22,6,292.0,60.0
1,45,4,721.0,135.0
1,33,6,441.0,230.0
2,32,7,293.0,119.0
1,54,3,826.0,108.0
2,23,5,321.0,109.0
1,36,5,733.0,190.0
1,42,5,842.0,400.0
1,48,2,712.0,96.0
2,45,3,914.0,5.0
1,78,2,914.0,8.0
1,38,5,823.0,320.0
1,38,5,732.0,350.0
1,36,5,823.0,230.0
1,34,7,312.0,230.0
2,33,5,317.0,50.0
1,39,5,823.0,240.0
2,38,5,513.0,50.0
2,44,5,831.0,58.0
2,34,5,511.0,80.0
1,31,6,311.0,200.0
1,31,6,238.0,155.0
1,35,5,833.0,140.0
1,61,4,23.0,230.0
1,33,6,732.0,100.0
1,30,6,316.0,86.0
1,44,5,827.0,100.0
1,38,7,731.0,226.0
1,71,5,912.0,60.0
1,36,6,511.0,260.0
1,52,6,941.0,60.0
2,45,6,512.0,140.0
2,20,5,321.0,100.0
1,34,5,733.0,200.0
1,45,5,713.0,205.0
2,41,5,753.0,30.0
2,34,5,241.0,70.0
1,56,3,842.0,118.0
2,52,3,914.0,63.0
1,29,5,713.0,200.0
1,27,5,713.0,120.0
1,41,6,821.0,156.0
1,40,5,237.0,228.0
1,52,5,821.0,300.0
1,26,6,831.0,130.0
1,30,5,441.0,210.0
1,43,4,941.0,60.0
1,62,3,911.0,80.0
2,25,6,315.0,65.0
2,22,5,832.0,65.0
1,31,5,311.0,96.0
1,43,4,842.0,110.0
1,33,5,714.0,100.0
1,44,6,941.0,300.0
2,48,7,152.0,350.0
1,35,9,151.0,290.0
2,27,7,316.0,170.0
1,36,4,712.0,150.0
1,60,3,911.0,230.0
2,27,6,252.0,194.0
1,31,5,131.0,177.0
1,31,7,316.0,197.0
1,41,7,731.0,240.0
1,49,8,23.0,345.0
1,44,6,733.0,182.0
2,22,6,154.0,95.0
1,58,3,816.0,119.0
2,29,7,120.0,100.0
1,37,5,262.0,295.0
2,62,3,911.0,60.0
2,23,7,252.0,-1.0
1,59,5,912.0,163.0
2,56,3,753.0,65.0
1,34,5,733.0,180.0
1,30,5,713.0,159.0
2,24,5,323.0,118.0
1,64,5,912.0,75.0
1,68,3,912.0,60.0
2,61,4,911.0,90.0
1,29,7,132.0,198.0
1,54,8,153.0,358.0
2,25,7,153.0,185.0
1,23,7,980.0,145.0
1,42,6,421.0,150.0
1,39,6,315.0,240.0
2,36,7,321.0,240.0
1,56,3,712.0,120.0
2,24,6,751.0,75.0
1,30,5,316.0,197.0
1,40,5,842.0,145.0
2,34,5,753.0,20.0
2,19,5,282.0,140.0
2,46,5,512.0,60.0
2,39,5,422.0,100.0
1,48,6,822.0,240.0
2,44,5,412.0,100.0
1,52,5,161.0,300.0
2,54,4,930.0,80.0
1,31,5,183.0,180.0
1,49,8,152.0,400.0
1,56,8,313.0,280.0
2,46,4,829.0,97.0
1,40,7,315.0,498.0
2,19,5,315.0,60.0
2,45,5,913.0,65.0
1,35,7,156.0,150.0
2,35,7,143.0,77.0
1,60,8,23.0,420.0
2,55,7,153.0,220.0
1,31,8,133.0,240.0
2,41,5,321.0,84.0
2,63,3,930.0,68.0
2,30,7,315.0,60.0
1,36,7,733.0,300.0
2,34,5,721.0,60.0
1,48,5,23.0,400.0
2,47,5,315.0,200.0
1,52,7,152.0,470.0
2,51,7,153.0,343.0
1,47,7,311.0,230.0
1,54,4,842.0,140.0
2,54,3,714.0,100.0
1,25,7,313.0,169.0
1,32,5,120.0,230.0
1,32,5,714.0,180.0
2,38,5,513.0,180.0
1,41,8,120.0,360.0
1,43,7,132.0,360.0
1,39,7,132.0,430.0
2,36,7,135.0,290.0
2,62,2,911.0,95.0
2,49,3,421.0,95.0
1,31,5,843.0,150.0
2,50,4,421.0,60.0
1,29,7,316.0,80.0
2,24,6,241.0,96.0
1,37,5,842.0,70.0
1,29,5,512.0,100.0
1,26,5,733.0,120.0
1,34,5,742.0,80.0
1,41,3,941.0,100.0
1,41,6,316.0,150.0
2,45,5,912.0,50.0
2,21,6,317.0,60.0
1,41,7,843.0,100.0
2,29,5,315.0,60.0
1,39,5,941.0,120.0
1,42,6,313.0,138.0
1,40,5,316.0,185.0
1,37,5,713.0,195.0
2,36,5,521.0,210.0
1,34,7,832.0,243.0
1,52,5,431.0,330.0
2,50,4,930.0,80.0
2,25,6,233.0,80.0
1,36,7,731.0,220.0
1,42,6,232.0,210.0
1,43,5,731.0,250.0
1,37,5,831.0,320.0
1,29,5,511.0,225.0
1,32,5,913.0,160.0
2,32,5,915.0,28.0
1,49,4,842.0,120.0
2,43,3,911.0,130.0
1,27,5,913.0,160.0
1,25,7,732.0,100.0
1,51,3,714.0,335.0
1,43,6,132.0,366.0
2,19,7,512.0,-1.0
1,43,6,311.0,432.0
1,27,7,252.0,150.0
2,25,7,156.0,150.0
1,59,4,713.0,100.0
1,46,5,842.0,208.0
1,42,7,23.0,300.0
2,42,5,315.0,100.0
1,44,7,444.0,292.0
1,42,5,815.0,590.0
1,27,6,733.0,128.0
1,29,7,315.0,220.0
1,24,4,731.0,157.0
1,30,5,913.0,130.0
1,49,5,913.0,150.0
2,47,5,822.0,117.0
1,55,3,713.0,50.0
1,35,3,713.0,100.0
1,48,8,831.0,486.0
2,46,7,313.0,320.0
1,30,5,930.0,130.0
2,27,5,512.0,140.0
1,51,6,311.0,365.0
1,49,4,721.0,200.0
2,30,7,513.0,220.0
2,28,7,252.0,170.0
2,26,7,143.0,160.0
1,49,4,733.0,130.0
2,19,7,317.0,50.0
2,21,6,271.0,65.0
1,19,7,318.0,30.0
2,36,5,512.0,80.0
1,42,5,815.0,370.0
2,27,8,155.0,230.0
2,25,7,112.0,180.0
1,55,4,831.0,345.0
2,51,4,831.0,295.0
1,63,4,941.0,50.0
2,54,3,930.0,68.0
1,43,8,233.0,365.0
2,41,7,153.0,291.0
1,43,5,721.0,240.0
2,48,4,831.0,58.0
1,46,5,842.0,147.0
1,53,4,316.0,115.0
2,48,4,913.0,59.0
2,24,6,315.0,84.0
2,35,7,315.0,100.0
2,30,6,512.0,100.0
1,28,5,512.0,100.0
1,42,5,842.0,200.0
1,35,5,120.0,200.0
1,54,3,742.0,297.0
1,30,6,235.0,176.0
1,38,7,721.0,315.0
1,47,5,444.0,245.0
1,44,5,721.0,326.0
2,36,5,512.0,90.0
2,52,5,714.0,117.0
1,29,6,311.0,128.0
1,50,4,913.0,70.0
2,41,4,831.0,95.0
1,31,6,316.0,187.0
2,24,7,315.0,85.0
1,47,3,842.0,175.0
1,36,7,311.0,325.0
1,47,5,132.0,450.0
1,48,6,731.0,325.0
2,47,6,153.0,296.0
1,56,5,316.0,415.0
1,44,6,831.0,400.0
1,40,6,733.0,415.0
1,40,5,733.0,325.0
1,51,5,843.0,375.0
1,53,4,721.0,325.0
1,34,5,131.0,148.0
2,28,5,915.0,99.0
1,34,5,721.0,-1.0
1,35,5,511.0,129.0
2,64,3,911.0,60.0
2,55,3,911.0,68.0
2,28,7,152.0,275.0
2,26,6,315.0,145.0
2,22,6,315.0,90.0
1,24,6,714.0,109.0
2,43,5,422.0,100.0
1,38,5,831.0,335.0
2,30,7,315.0,100.0
1,24,5,415.0,60.0
1,40,6,831.0,388.0
2,61,5,911.0,40.0
1,27,5,831.0,148.0
1,41,5,831.0,218.0
1,44,5,822.0,200.0
1,45,5,831.0,280.0
1,49,5,831.0,158.0
1,56,5,812.0,180.0
2,48,4,513.0,80.0
2,28,6,252.0,100.0
2,27,7,318.0,100.0
1,51,5,812.0,228.0
1,40,5,812.0,150.0
1,43,5,812.0,257.0
2,38,5,511.0,64.0
1,46,5,843.0,178.0
2,40,5,513.0,90.0
1,41,7,152.0,290.0
2,38,7,152.0,255.0
1,41,5,-1.0,159.0
2,40,6,513.0,158.0
1,50,6,733.0,262.0
1,30,7,315.0,200.0
1,32,5,826.0,178.0
1,27,4,613.0,100.0
1,22,4,826.0,60.0
2,30,7,153.0,188.0
1,28,5,237.0,100.0
2,26,6,315.0,80.0
2,46,4,930.0,70.0
2,24,6,312.0,110.0
1,30,6,912.0,200.0
1,44,6,311.0,400.0
2,29,6,143.0,300.0
1,45,7,131.0,240.0
2,41,5,911.0,60.0
1,43,5,313.0,280.0
2,25,7,252.0,130.0
1,30,6,272.0,70.0
1,38,5,842.0,80.0
1,27,7,131.0,200.0
2,25,6,315.0,110.0
1,40,8,272.0,200.0
1,36,5,731.0,140.0
2,37,5,832.0,30.0
2,61,4,421.0,80.0
2,52,4,911.0,62.0
2,31,6,143.0,120.0
2,24,7,317.0,125.0
1,36,5,311.0,380.0
1,38,7,323.0,320.0
2,35,7,252.0,120.0
2,45,4,421.0,120.0
2,23,5,311.0,87.0
2,44,5,262.0,242.0
1,72,4,321.0,80.0
1,35,5,713.0,140.0
1,30,7,441.0,250.0
1,27,8,153.0,200.0
1,43,3,712.0,200.0
1,33,5,314.0,200.0
2,40,5,321.0,50.0
2,34,5,412.0,90.0
1,27,7,271.0,140.0
2,24,6,311.0,120.0
1,49,4,842.0,80.0
2,48,4,421.0,90.0
1,34,8,311.0,230.0
2,47,3,422.0,38.0
1,44,2,941.0,150.0
1,56,5,316.0,130.0
1,25,6,732.0,140.0
1,30,5,831.0,270.0
1,36,6,316.0,244.0
2,33,5,422.0,130.0
2,33,7,142.0,350.0
1,35,5,831.0,243.0
1,31,5,831.0,180.0
2,34,6,143.0,260.0
1,40,7,23.0,375.0
1,49,4,712.0,210.0
1,34,7,132.0,400.0
1,39,5,831.0,230.0
1,29,7,511.0,100.0
1,48,3,812.0,180.0
2,42,5,421.0,110.0
1,63,5,912.0,78.0
2,56,3,-1.0,90.0
1,35,5,316.0,150.0
1,44,7,316.0,195.0
2,40,5,513.0,190.0
1,36,5,316.0,180.0
1,37,5,235.0,145.0
2,48,5,-1.0,80.0
1,46,7,315.0,400.0
1,40,7,316.0,180.0
2,48,4,911.0,80.0
1,27,6,414.0,135.0
1,42,5,421.0,180.0
2,39,5,421.0,110.0
1,45,7,24.0,370.0
1,35,5,721.0,140.0
2,30,5,512.0,100.0
1,35,5,842.0,180.0
2,36,5,512.0,150.0
2,35,7,153.0,195.0
1,35,7,156.0,300.0
2,60,3,911.0,70.0
1,34,6,315.0,310.0
1,44,5,23.0,280.0
2,41,5,512.0,105.0
2,53,5,741.0,70.0
1,29,5,311.0,130.0
2,46,5,911.0,100.0
2,40,5,314.0,140.0
1,37,7,282.0,155.0
1,45,5,714.0,200.0
2,39,4,421.0,65.0
1,42,5,941.0,150.0
1,38,5,829.0,105.0
2,29,6,311.0,120.0
1,55,5,842.0,230.0
1,27,6,733.0,140.0
1,36,7,316.0,280.0
2,36,7,313.0,170.0
1,66,5,912.0,100.0
1,35,8,23.0,120.0
1,27,7,512.0,120.0
1,36,4,752.0,170.0
1,42,7,311.0,250.0
2,42,4,832.0,90.0
1,20,5,422.0,90.0
2,47,4,421.0,80.0
2,32,3,422.0,100.0
2,41,5,513.0,290.0
2,28,6,314.0,200.0
1,41,8,313.0,220.0
1,40,5,731.0,200.0
2,32,5,315.0,85.0
1,44,4,311.0,163.0
2,42,4,512.0,100.0
1,31,5,712.0,150.0
1,38,7,262.0,280.0
2,33,5,262.0,230.0
2,38,5,143.0,110.0
1,66,3,912.0,75.0
2,29,8,152.0,240.0
1,56,5,941.0,130.0
2,43,4,911.0,60.0
1,54,5,713.0,150.0
2,54,4,911.0,120.0
2,24,6,317.0,40.0
1,23,5,733.0,120.0
1,65,3,912.0,93.0
1,40,4,941.0,130.0
2,38,4,753.0,82.0
1,33,5,842.0,90.0
1,27,5,941.0,140.0
1,23,5,721.0,130.0
1,36,6,131.0,148.0
2,33,5,313.0,200.0
1,48,7,152.0,350.0
2,35,6,311.0,190.0
1,61,3,912.0,90.0
2,48,3,911.0,60.0
2,28,5,311.0,90.0
1,49,5,842.0,100.0
1,21,6,912.0,120.0
1,50,6,23.0,330.0
1,52,7,315.0,200.0
2,45,6,153.0,360.0
2,45,7,152.0,290.0
1,40,7,164.0,450.0
2,60,3,914.0,60.0
2,37,5,412.0,80.0
1,35,5,712.0,150.0
1,32,5,721.0,85.0
1,43,5,842.0,200.0
1,46,5,316.0,220.0
1,47,4,911.0,180.0
2,36,4,826.0,80.0
1,46,5,831.0,224.0
2,42,4,321.0,97.0
2,22,7,530.0,-1.0
1,54,7,23.0,360.0
1,42,7,23.0,330.0
1,41,7,152.0,330.0
1,44,7,312.0,300.0
1,42,8,156.0,400.0
1,38,7,152.0,290.0
2,32,7,145.0,112.0
2,32,5,315.0,90.0
1,36,5,721.0,150.0
2,41,5,512.0,30.0
1,53,5,842.0,340.0
1,27,7,120.0,130.0
1,24,6,511.0,100.0
1,36,6,441.0,220.0
2,58,5,411.0,50.0
1,37,5,941.0,150.0
1,33,5,713.0,120.0
1,25,6,131.0,120.0
1,48,5,912.0,136.0
1,45,5,842.0,175.0
2,45,4,-1.0,97.0
2,22,5,422.0,75.0
2,19,5,315.0,-1.0
1,36,5,421.0,-1.0
1,34,5,842.0,178.0
2,31,5,512.0,70.0
1,45,5,913.0,220.0
1,40,5,930.0,150.0
1,61,5,311.0,158.0
2,54,4,823.0,80.0
1,28,6,444.0,120.0
2,26,6,316.0,150.0
2,24,6,315.0,100.0
1,52,4,825.0,200.0
1,21,7,422.0,95.0
1,57,2,912.0,70.0
2,31,6,512.0,135.0
1,30,6,132.0,190.0
2,27,5,315.0,145.0
1,36,6,842.0,170.0
1,42,5,822.0,240.0
1,48,7,314.0,250.0
1,31,6,832.0,170.0
2,40,8,154.0,290.0
1,44,7,316.0,260.0
1,42,9,165.0,570.0
1,54,3,712.0,180.0
2,50,3,911.0,74.0
1,40,8,135.0,280.0
2,36,7,237.0,180.0
1,45,5,313.0,230.0
1,40,7,171.0,700.0
2,41,7,152.0,193.0
2,38,7,315.0,400.0
1,41,7,842.0,140.0
1,35,5,237.0,266.0
2,46,4,421.0,120.0
2,44,5,831.0,77.0
1,38,6,23.0,112.0
1,47,5,826.0,116.0
2,42,5,823.0,82.0
1,36,7,731.0,244.0
1,35,7,132.0,290.0
2,49,5,421.0,100.0
1,46,5,292.0,390.0
1,42,5,831.0,165.0
2,42,5,237.0,100.0
2,28,7,181.0,165.0
2,27,6,315.0,105.0
1,46,5,165.0,157.0
2,45,5,315.0,120.0
1,37,5,262.0,198.0
1,44,5,262.0,188.0
2,40,5,913.0,94.0
2,40,5,913.0,57.0
1,37,5,721.0,200.0
1,42,7,262.0,220.0
2,25,6,315.0,116.0
1,33,6,512.0,200.0
1,45,5,316.0,159.0
2,43,5,832.0,64.0
1,60,5,714.0,100.0
2,53,5,-1.0,50.0
1,24,6,262.0,138.0
1,44,6,815.0,198.0
2,41,5,831.0,59.0
2,22,5,521.0,106.0
2,29,5,422.0,89.0
1,23,5,832.0,135.0
1,60,7,173.0,150.0
1,54,5,713.0,160.0
2,22,6,143.0,105.0
1,56,3,911.0,90.0
2,40,5,422.0,126.0
1,37,7,120.0,300.0
2,26,5,315.0,70.0
2,24,6,156.0,130.0
1,50,4,272.0,40.0
2,42,5,315.0,99.0
1,69,5,912.0,59.0
1,48,4,316.0,174.0
2,44,3,512.0,100.0
1,48,6,131.0,500.0
1,47,5,842.0,199.0
1,51,2,941.0,119.0
1,28,7,132.0,99.0
2,25,6,312.0,99.0
2,23,6,512.0,79.0
1,38,5,311.0,120.0
2,36,5,513.0,150.0
1,35,6,315.0,137.0
1,41,7,262.0,226.0
1,57,5,912.0,146.0
2,30,6,143.0,100.0
2,27,5,143.0,119.0
1,45,7,152.0,240.0
2,45,8,155.0,240.0
2,30,5,317.0,100.0
2,27,6,311.0,100.0
2,25,6,156.0,95.0
1,43,8,156.0,260.0
1,52,5,23.0,235.0
2,50,5,825.0,149.0
1,42,5,822.0,194.0
1,55,5,711.0,150.0
1,27,5,911.0,159.0
1,31,7,315.0,168.0
1,62,3,912.0,89.0
2,63,3,911.0,69.0
2,38,5,262.0,100.0
1,40,6,316.0,130.0
2,38,5,832.0,40.0
1,56,5,812.0,180.0
2,56,5,513.0,190.0
1,32,5,314.0,200.0
1,25,7,152.0,178.0
1,43,5,842.0,100.0
1,39,7,313.0,320.0
1,34,6,733.0,580.0
1,56,3,941.0,70.0
2,27,6,156.0,90.0
2,39,5,911.0,50.0
1,33,5,941.0,240.0
2,36,5,753.0,40.0
1,36,5,721.0,250.0
1,47,7,442.0,320.0
1,34,5,316.0,180.0
1,45,7,316.0,350.0
1,39,7,311.0,350.0
1,39,5,733.0,130.0
2,34,7,314.0,147.0
2,31,5,315.0,200.0
1,31,5,263.0,146.0
1,37,5,712.0,120.0
2,43,3,823.0,90.0
2,40,5,183.0,100.0
1,52,7,312.0,600.0
2,47,4,512.0,60.0
1,56,4,911.0,75.0
2,49,4,262.0,110.0
1,25,6,262.0,160.0
1,25,6,827.0,150.0
2,39,4,422.0,100.0
1,31,5,825.0,223.0
2,24,7,271.0,80.0
2,23,5,832.0,80.0
1,67,3,912.0,100.0
1,30,7,311.0,238.0
1,44,5,831.0,200.0
2,40,7,315.0,90.0
1,58,4,831.0,200.0
1,31,5,131.0,320.0
1,47,5,826.0,160.0
2,38,4,513.0,120.0
1,49,5,821.0,68.0
2,48,5,930.0,70.0
2,47,5,911.0,80.0
1,35,5,843.0,200.0
1,36,5,262.0,185.0
2,35,5,512.0,95.0
1,44,7,316.0,260.0
2,40,7,512.0,250.0
1,47,5,842.0,200.0
2,48,5,421.0,100.0
1,51,5,311.0,242.0
2,46,4,513.0,194.0
2,22,7,156.0,97.0
1,50,3,711.0,148.0
2,27,7,311.0,156.0
2,25,5,132.0,118.0
2,44,5,829.0,69.0
1,41,5,712.0,147.0
2,56,4,911.0,62.0
2,31,7,317.0,101.0
1,65,5,816.0,95.0
1,34,6,233.0,200.0
1,66,2,941.0,50.0
1,37,4,941.0,80.0
2,57,3,722.0,69.0
2,26,5,237.0,116.0
2,24,6,915.0,116.0
1,68,5,713.0,50.0
1,33,7,316.0,128.0
1,43,7,152.0,230.0
2,39,6,143.0,130.0
1,50,4,911.0,125.0
2,44,3,714.0,180.0
1,24,5,721.0,100.0
1,22,5,282.0,64.0
1,42,4,741.0,100.0
1,46,5,262.0,200.0
1,44,8,23.0,650.0
1,30,7,316.0,250.0
2,28,7,311.0,170.0
1,53,7,153.0,320.0
2,50,5,915.0,25.0
2,59,3,911.0,70.0
2,33,5,513.0,100.0
1,26,5,915.0,96.0
2,39,5,511.0,129.0
2,65,2,911.0,30.0
1,44,4,911.0,200.0
1,26,7,512.0,120.0
1,23,5,913.0,100.0
1,70,5,714.0,100.0
2,26,5,315.0,70.0
1,42,8,315.0,500.0
2,34,7,263.0,15.0
1,36,5,120.0,200.0
2,40,7,153.0,316.0
1,34,6,120.0,230.0
2,32,6,315.0,120.0
2,35,7,311.0,210.0
2,62,5,911.0,90.0
2,31,6,156.0,70.0
1,52,7,23.0,300.0
2,51,7,153.0,290.0
1,66,7,23.0,300.0
1,37,8,184.0,225.0
1,25,6,315.0,150.0
1,42,7,183.0,200.0
2,41,7,421.0,100.0
1,46,6,131.0,300.0
1,72,7,912.0,77.0
2,59,5,911.0,62.0
1,23,5,311.0,120.0
2,47,4,826.0,75.0
2,27,6,313.0,128.0
2,23,5,143.0,100.0
1,40,5,733.0,100.0
2,38,7,156.0,89.0
1,47,5,712.0,200.0
1,37,6,816.0,110.0
2,33,7,313.0,120.0
1,34,5,753.0,150.0
1,41,3,941.0,150.0
2,37,3,411.0,40.0
1,43,5,733.0,90.0
1,31,7,311.0,150.0
1,37,5,316.0,177.0
1,60,7,712.0,120.0
2,25,5,512.0,120.0
1,58,5,712.0,150.0
2,43,5,412.0,100.0
2,35,5,521.0,70.0
1,51,3,714.0,250.0
1,24,7,237.0,99.0
1,22,7,915.0,70.0
1,44,7,152.0,350.0
2,34,8,152.0,250.0
1,46,7,316.0,315.0
1,44,6,712.0,300.0
2,37,7,152.0,233.0
2,52,3,751.0,75.0
2,29,5,156.0,90.0
1,27,7,522.0,140.0
1,39,7,262.0,300.0
2,39,5,833.0,20.0
2,36,5,513.0,200.0
1,42,7,165.0,560.0
2,51,5,315.0,175.0
1,45,3,914.0,180.0
1,45,5,311.0,330.0
2,40,5,252.0,230.0
2,42,5,513.0,200.0
1,46,9,173.0,250.0
1,41,7,313.0,212.0
2,38,5,421.0,104.0
1,23,5,823.0,99.0
1,33,5,733.0,200.0
1,37,5,825.0,290.0
2,38,5,316.0,85.0
1,44,5,842.0,10.0
2,75,2,611.0,50.0
1,32,7,315.0,40.0
1,33,5,237.0,130.0
1,49,5,941.0,150.0
1,36,5,842.0,250.0
2,32,5,315.0,130.0
2,48,4,832.0,90.0
2,43,6,153.0,300.0
1,41,6,311.0,160.0
2,41,5,832.0,55.0
1,39,7,312.0,300.0
1,48,5,262.0,100.0
1,35,6,314.0,170.0
1,53,4,912.0,300.0
1,22,6,832.0,120.0
1,39,5,831.0,218.0
1,41,7,262.0,245.0
2,41,7,829.0,50.0
1,59,5,912.0,80.0
1,33,5,816.0,130.0
2,27,7,156.0,100.0
2,48,7,272.0,100.0
1,24,6,721.0,80.0
2,43,5,831.0,150.0
1,47,5,313.0,130.0
1,50,5,733.0,120.0
2,47,4,911.0,30.0
2,21,6,314.0,108.0
1,47,5,733.0,150.0
2,31,6,313.0,195.0
1,58,5,842.0,146.0
2,18,7,252.0,20.0
2,41,5,832.0,98.0
2,38,5,915.0,-1.0
1,48,4,721.0,150.0
1,24,6,733.0,135.0
1,49,5,842.0,220.0
1,19,6,915.0,10.0
1,42,6,842.0,205.0
1,50,5,712.0,200.0
2,44,4,421.0,100.0
2,24,6,315.0,98.0
2,21,5,911.0,80.0
2,43,5,-1.0,170.0
1,62,4,911.0,75.0
1,60,4,316.0,120.0
2,54,5,292.0,100.0
2,23,6,413.0,117.0
1,31,5,292.0,160.0
2,28,5,143.0,150.0
1,34,5,316.0,150.0
1,48,8,311.0,534.0
1,54,7,161.0,300.0
1,54,7,154.0,170.0
2,48,5,313.0,300.0
1,44,7,220.0,150.0
2,57,2,920.0,40.0
2,29,6,271.0,40.0
1,26,5,826.0,150.0
1,36,5,831.0,80.0
1,40,7,23.0,376.0
1,42,7,317.0,142.0
2,40,5,317.0,100.0
1,42,7,292.0,485.0
1,48,5,713.0,100.0
1,50,7,315.0,500.0
2,48,7,157.0,330.0
1,36,4,842.0,150.0
2,38,4,753.0,100.0
2,39,5,512.0,30.0
2,68,3,911.0,65.0
1,36,7,511.0,250.0
2,33,7,316.0,247.0
1,40,6,816.0,200.0
1,65,3,912.0,50.0
1,31,8,120.0,50.0
1,41,6,913.0,215.0
2,37,5,322.0,117.0
1,39,5,941.0,100.0
1,35,4,733.0,30.0
1,52,4,941.0,150.0
1,23,5,713.0,180.0
1,25,5,421.0,176.0
1,54,5,712.0,200.0
1,24,5,712.0,150.0
1,43,5,843.0,217.0
2,26,5,412.0,70.0
2,23,5,321.0,100.0
1,60,5,912.0,70.0
1,28,5,262.0,159.0
1,61,5,912.0,60.0
1,52,5,311.0,200.0
2,47,3,421.0,70.0
1,49,5,-1.0,120.0
2,45,5,311.0,120.0
1,35,5,913.0,150.0
1,47,4,930.0,127.0
2,43,4,828.0,88.0
1,43,6,832.0,300.0
2,49,3,232.0,90.0
1,26,5,829.0,115.0
2,47,5,741.0,50.0
1,38,5,832.0,200.0
1,46,8,173.0,300.0
1,20,6,321.0,42.0
1,47,5,23.0,220.0
2,48,5,823.0,93.0
2,54,4,421.0,80.0
1,28,5,823.0,140.0
1,47,5,821.0,107.0
2,43,5,911.0,50.0
2,35,5,421.0,200.0
2,47,4,421.0,60.0
1,37,7,311.0,125.0
2,30,6,271.0,112.0
2,41,4,832.0,65.0
1,39,7,441.0,175.0
1,49,7,161.0,438.0
2,23,6,521.0,104.0
1,45,7,120.0,150.0
2,42,7,313.0,250.0
1,53,5,754.0,80.0
1,65,7,261.0,70.0
1,56,9,151.0,600.0
1,63,7,30.0,150.0
1,37,7,120.0,200.0
1,35,7,263.0,340.0
2,30,8,220.0,148.0
1,35,7,164.0,400.0
1,42,5,183.0,250.0
1,37,6,311.0,200.0
1,46,8,24.0,520.0
2,31,7,431.0,350.0
1,35,7,312.0,250.0
1,52,7,313.0,390.0
2,19,7,512.0,42.0
1,36,8,23.0,380.0
1,43,5,831.0,320.0
2,24,7,432.0,50.0
1,43,4,843.0,190.0
1,42,2,914.0,195.0
1,40,7,312.0,412.0
2,39,5,512.0,170.0
1,40,7,826.0,120.0
2,39,5,512.0,74.0
2,27,6,315.0,200.0
1,42,4,941.0,120.0
1,32,4,821.0,119.0
2,25,6,315.0,130.0
1,44,4,712.0,300.0
1,36,4,941.0,100.0
1,35,4,165.0,222.0
1,29,5,842.0,100.0
2,51,5,315.0,170.0
1,27,7,512.0,100.0
1,24,5,512.0,90.0
1,24,7,184.0,60.0
2,52,2,829.0,89.0
1,24,7,415.0,48.0
2,22,6,311.0,94.0
2,19,7,422.0,-1.0
1,40,5,821.0,300.0
2,37,5,156.0,90.0
1,43,5,941.0,200.0
1,40,5,832.0,173.0
1,47,8,832.0,70.0
1,43,5,421.0,300.0
1,31,7,262.0,217.0
1,43,6,733.0,270.0
1,61,2,920.0,80.0
2,30,5,311.0,150.0
2,25,6,-1.0,130.0
1,64,2,941.0,40.0
1,25,5,821.0,120.0
1,41,5,712.0,130.0
1,20,7,512.0,80.0
1,47,5,712.0,150.0
2,44,5,511.0,80.0
1,26,5,843.0,170.0
1,31,4,842.0,116.0
2,29,5,832.0,122.0
2,28,5,831.0,150.0
2,34,5,832.0,97.0
1,62,2,911.0,100.0
2,56,3,831.0,200.0
1,36,7,237.0,450.0
1,43,5,831.0,370.0
2,41,5,832.0,100.0
1,38,5,831.0,320.0
2,51,3,827.0,180.0
1,29,6,316.0,140.0
1,26,6,842.0,140.0
2,26,5,311.0,74.0
1,24,5,316.0,130.0
1,31,5,832.0,195.0
1,29,5,831.0,220.0
2,24,5,316.0,150.0
1,32,5,262.0,150.0
2,31,6,513.0,145.0
1,46,7,153.0,313.0
2,42,5,315.0,80.0
2,27,5,156.0,40.0
1,52,3,721.0,200.0
2,47,4,422.0,104.0
1,26,6,311.0,119.0
2,23,5,314.0,200.0
1,42,5,826.0,170.0
2,39,4,826.0,80.0
1,44,3,752.0,110.0
1,50,3,712.0,170.0
2,44,2,826.0,90.0
2,22,6,154.0,90.0
2,20,5,829.0,107.0
1,60,4,920.0,60.0
2,29,5,315.0,295.0
2,23,5,315.0,197.0
1,25,5,316.0,149.0
1,60,2,712.0,100.0
1,42,4,752.0,180.0
2,52,3,911.0,80.0
1,29,8,132.0,550.0
1,31,6,316.0,130.0
1,29,7,311.0,140.0
2,26,7,156.0,330.0
1,34,7,311.0,220.0
1,29,5,441.0,214.0
1,27,6,134.0,120.0
2,60,3,911.0,50.0
2,26,5,311.0,70.0
1,37,7,272.0,30.0
2,42,5,421.0,120.0
1,39,7,315.0,206.0
1,41,5,314.0,240.0
2,38,5,311.0,190.0
1,41,7,421.0,150.0
1,44,7,235.0,250.0
2,42,6,252.0,50.0
2,25,6,-1.0,85.0
2,23,6,314.0,120.0
2,21,6,315.0,120.0
1,32,5,315.0,130.0
2,73,2,920.0,10.0
2,25,5,315.0,116.0
2,27,5,315.0,90.0
2,28,7,262.0,90.0
2,31,7,152.0,235.0
2,66,3,911.0,65.0
2,28,7,156.0,150.0
1,36,5,941.0,200.0
2,39,5,825.0,77.0
1,69,3,912.0,80.0
2,43,5,512.0,80.0
1,52,5,816.0,150.0
1,36,5,815.0,192.0
1,41,5,823.0,200.0
1,43,5,721.0,180.0
2,41,5,911.0,86.0
1,47,3,721.0,100.0
2,42,4,722.0,50.0
1,28,6,262.0,170.0
1,36,7,314.0,-1.0
1,49,5,920.0,150.0
2,46,3,512.0,50.0
2,24,7,182.0,90.0
1,36,3,930.0,55.0
1,43,5,842.0,110.0
2,24,7,512.0,110.0
1,32,5,512.0,100.0
1,28,5,183.0,90.0
2,47,3,911.0,100.0
2,26,6,143.0,116.0
1,67,3,912.0,37.0
1,63,3,711.0,150.0
2,55,2,322.0,50.0
1,34,7,315.0,280.0
1,54,3,842.0,70.0
2,29,7,153.0,200.0
2,23,5,315.0,86.0
2,27,6,511.0,95.0
2,24,5,311.0,75.0
1,52,5,313.0,200.0
1,44,8,262.0,341.0
2,42,7,311.0,244.0
1,28,6,315.0,190.0
2,30,6,315.0,200.0
2,30,7,313.0,170.0
1,40,7,913.0,126.0
2,52,5,521.0,100.0
1,43,5,132.0,270.0
2,37,6,513.0,100.0
1,41,5,831.0,165.0
2,39,5,512.0,80.0
1,37,8,173.0,300.0
2,37,8,156.0,70.0
1,39,4,444.0,200.0
2,16,5,412.0,-1.0
1,68,7,311.0,147.0
1,28,7,313.0,145.0
1,34,5,941.0,120.0
1,57,5,721.0,90.0
2,22,7,317.0,66.0
1,43,5,441.0,237.0
1,37,5,314.0,180.0
1,26,7,842.0,60.0
1,38,6,513.0,200.0
2,49,3,911.0,120.0
1,26,5,941.0,30.0
1,27,6,415.0,153.0
1,39,5,311.0,95.0
2,48,2,914.0,75.0
1,27,4,941.0,60.0
2,28,7,156.0,140.0
1,24,7,913.0,80.0
1,40,5,236.0,210.0
2,35,6,271.0,70.0
1,43,5,712.0,200.0
2,55,5,914.0,75.0
2,61,5,513.0,50.0
1,39,5,913.0,80.0
2,37,5,313.0,147.0
1,64,5,912.0,70.0
1,33,8,120.0,300.0
1,50,3,711.0,140.0
2,53,3,321.0,80.0
1,32,5,421.0,214.0
1,28,7,832.0,210.0
1,42,7,731.0,241.0
1,57,4,712.0,140.0
2,52,4,911.0,60.0
1,52,4,713.0,200.0
1,29,9,232.0,210.0
1,27,7,311.0,204.0
1,35,7,252.0,200.0
2,33,7,156.0,243.0
1,35,7,441.0,196.0
2,32,6,156.0,80.0
1,41,7,292.0,245.0
2,43,7,143.0,194.0
1,35,7,311.0,212.0
1,38,5,815.0,311.0
2,47,4,421.0,100.0
2,24,5,512.0,100.0
1,52,5,713.0,120.0
2,24,5,829.0,80.0
2,62,3,911.0,40.0
1,65,3,911.0,60.0
2,61,2,911.0,58.0
1,39,5,733.0,245.0
1,49,8,152.0,382.0
2,47,5,251.0,120.0
2,64,5,513.0,60.0
1,45,7,321.0,180.0
2,39,7,311.0,125.0
1,45,5,930.0,272.0
1,56,5,912.0,107.0
2,26,7,315.0,174.0
1,24,5,411.0,127.0
1,59,5,23.0,303.0
1,42,5,512.0,100.0
2,44,4,832.0,108.0
2,31,6,252.0,80.0
1,57,4,816.0,75.0
1,33,5,829.0,298.0
1,40,7,832.0,350.0
1,36,5,733.0,283.0
1,44,4,733.0,131.0
1,44,5,816.0,130.0
2,44,5,833.0,20.0
1,46,4,712.0,190.0
2,26,6,311.0,198.0
1,51,4,713.0,108.0
2,20,6,512.0,48.0
1,63,7,23.0,400.0
1,30,8,132.0,230.0
2,40,5,831.0,90.0
1,30,5,311.0,196.0
1,50,4,842.0,120.0
2,47,4,421.0,80.0
2,22,5,241.0,78.0
1,44,5,930.0,89.0
2,44,5,832.0,90.0
1,40,5,315.0,267.0
2,43,4,321.0,75.0
2,24,6,511.0,150.0
1,54,5,292.0,420.0
2,26,7,153.0,200.0
1,61,4,941.0,84.0
2,31,5,313.0,198.0
2,25,5,311.0,70.0
2,29,7,153.0,223.0
1,49,5,732.0,400.0
1,46,5,827.0,110.0
2,34,5,422.0,40.0
1,49,5,843.0,300.0
1,28,7,161.0,196.0
1,48,5,313.0,334.0
2,55,3,911.0,68.0
2,70,3,920.0,90.0
2,66,2,920.0,9.0
1,43,5,311.0,283.0
2,39,5,421.0,50.0
1,48,5,816.0,150.0
2,48,3,753.0,75.0
1,21,7,415.0,75.0
2,36,5,832.0,126.0
1,52,4,23.0,200.0
2,45,3,742.0,85.0
1,36,6,316.0,243.0
1,32,7,120.0,200.0
1,39,7,312.0,407.0
1,53,5,316.0,260.0
1,40,7,231.0,446.0
2,54,5,930.0,50.0
1,25,6,930.0,105.0
1,34,5,913.0,80.0
2,32,5,513.0,196.0
2,50,3,911.0,40.0
1,25,7,751.0,24.0
2,46,5,411.0,90.0
1,42,2,712.0,200.0
1,27,8,251.0,80.0
2,25,6,317.0,100.0
2,28,6,911.0,100.0
1,23,8,153.0,180.0
1,52,3,912.0,76.0
1,30,7,821.0,120.0
2,67,3,911.0,40.0
1,39,7,315.0,245.0
1,37,5,312.0,195.0
2,43,3,911.0,100.0
1,19,5,422.0,60.0
2,52,4,413.0,80.0
1,29,6,311.0,272.0
2,26,6,315.0,223.0
2,60,3,920.0,15.0
1,29,5,930.0,100.0
1,52,5,712.0,150.0
2,47,3,911.0,150.0
1,25,6,733.0,100.0
1,68,3,317.0,70.0
1,31,5,941.0,90.0
2,28,6,271.0,75.0
2,59,3,831.0,88.0
1,46,5,842.0,177.0
2,23,6,513.0,108.0
2,39,4,512.0,80.0
2,24,7,323.0,90.0
1,41,9,173.0,100.0
2,64,2,920.0,25.0
1,31,5,712.0,100.0
1,44,4,911.0,180.0
1,31,7,511.0,70.0
1,49,3,941.0,50.0
1,49,3,714.0,110.0
1,22,6,823.0,40.0
2,43,5,930.0,75.0
1,52,4,731.0,175.0
2,47,4,832.0,95.0
2,23,6,733.0,100.0
2,43,5,829.0,75.0
1,25,6,912.0,113.0
1,42,7,152.0,314.0
2,60,3,911.0,120.0
2,41,3,421.0,80.0
1,26,7,980.0,195.0
2,23,5,241.0,65.0
1,32,5,842.0,163.0
1,30,7,713.0,140.0
1,28,8,252.0,40.0
2,30,7,153.0,206.0
1,26,7,132.0,175.0
2,26,6,183.0,180.0
1,27,5,842.0,90.0
1,64,3,826.0,50.0
2,54,3,822.0,70.0
1,30,5,713.0,180.0
1,33,7,120.0,194.0
1,29,7,220.0,193.0
1,43,5,843.0,204.0
2,39,4,421.0,60.0
1,46,5,930.0,181.0
2,41,4,829.0,146.0
1,35,5,713.0,175.0
1,41,5,816.0,238.0
1,52,5,313.0,301.0
1,25,6,237.0,122.0
1,22,6,833.0,126.0
2,67,2,920.0,30.0
1,43,4,511.0,130.0
2,52,3,911.0,90.0
2,25,6,271.0,117.0
1,23,5,831.0,103.0
2,68,2,920.0,40.0
2,29,5,313.0,165.0
1,56,4,712.0,150.0
2,53,3,911.0,85.0
2,28,7,311.0,100.0
2,25,6,143.0,90.0
2,22,6,143.0,90.0
1,35,6,134.0,120.0
2,32,5,292.0,160.0
2,29,5,512.0,70.0
1,52,7,443.0,260.0
2,25,7,153.0,180.0
1,57,5,161.0,280.0
2,25,6,292.0,130.0
2,30,7,183.0,282.0
1,62,3,712.0,85.0
1,34,5,422.0,130.0
2,29,7,292.0,250.0
1,66,7,316.0,180.0
1,55,3,842.0,110.0
1,30,5,183.0,120.0
1,57,4,912.0,80.0
2,51,4,911.0,60.0
1,26,7,913.0,20.0
1,36,5,913.0,113.0
2,32,7,153.0,250.0
1,27,7,941.0,150.0
1,51,5,842.0,100.0
2,43,5,512.0,80.0
2,22,6,143.0,95.0
2,52,4,930.0,30.0
1,31,8,314.0,240.0
1,30,8,112.0,160.0
2,32,8,251.0,169.0
1,51,5,313.0,270.0
2,25,6,143.0,100.0
2,27,6,321.0,110.0
1,23,5,821.0,100.0
2,47,3,422.0,100.0
2,24,6,530.0,100.0
1,29,7,120.0,235.0
1,53,7,153.0,352.0
2,26,8,252.0,30.0
1,50,5,829.0,200.0
2,78,3,930.0,5.0
1,59,3,712.0,100.0
2,51,4,712.0,50.0
1,29,5,941.0,120.0
1,65,7,173.0,150.0
1,35,9,132.0,225.0
2,30,8,411.0,70.0
1,50,3,753.0,100.0
1,25,5,512.0,170.0
1,34,7,315.0,355.0
2,32,6,318.0,200.0
2,33,7,315.0,233.0
2,52,4,911.0,80.0
2,27,6,120.0,190.0
1,61,4,912.0,60.0
1,59,5,912.0,70.0
2,27,7,153.0,200.0
2,57,4,911.0,75.0
1,30,8,164.0,220.0
1,28,8,312.0,150.0
2,26,7,316.0,134.0
2,52,3,753.0,74.0
1,30,5,714.0,100.0
1,27,7,415.0,60.0
1,28,6,913.0,100.0
1,34,7,316.0,214.0
1,47,7,161.0,280.0
1,60,5,914.0,60.0
2,50,8,252.0,60.0
2,66,3,915.0,15.0
2,28,6,251.0,135.0
2,26,8,153.0,165.0
1,44,3,721.0,150.0
1,19,6,421.0,50.0
1,25,5,412.0,120.0
2,30,7,313.0,193.0
1,28,8,132.0,128.0
2,26,7,156.0,120.0
1,50,4,512.0,100.0
1,40,5,816.0,192.0
2,36,5,521.0,50.0
2,51,4,911.0,45.0
1,59,5,751.0,80.0
1,67,3,941.0,89.0
1,35,7,314.0,147.0
1,57,5,842.0,175.0
2,55,5,513.0,414.0
1,30,6,311.0,155.0
1,39,7,442.0,248.0
2,33,7,313.0,200.0
1,35,7,311.0,430.0
1,49,5,316.0,160.0
1,18,5,733.0,-1.0
1,48,7,152.0,265.0
2,48,6,153.0,265.0
1,30,7,316.0,90.0
2,28,5,311.0,140.0
1,37,4,942.0,80.0
2,30,6,143.0,125.0
1,28,6,831.0,119.0
1,60,4,712.0,80.0
1,28,5,731.0,118.0
2,24,6,241.0,79.0
2,56,3,911.0,100.0
1,37,5,813.0,195.0
1,32,5,913.0,150.0
2,39,4,421.0,90.0
2,58,3,930.0,50.0
1,29,8,512.0,120.0
1,26,5,751.0,150.0
1,37,7,311.0,270.0
2,34,6,311.0,220.0
2,52,7,153.0,460.0
2,29,8,233.0,250.0
1,40,7,293.0,230.0
2,40,7,293.0,200.0
1,59,8,152.0,440.0
2,55,7,153.0,450.0
2,27,7,156.0,130.0
2,25,7,252.0,70.0
1,48,5,941.0,180.0
2,33,5,911.0,50.0
1,42,7,23.0,460.0
2,39,5,513.0,403.0
1,55,3,828.0,244.0
2,22,5,751.0,70.0
1,36,7,312.0,230.0
1,39,5,842.0,120.0
1,46,5,316.0,220.0
1,46,4,712.0,150.0
2,40,8,152.0,340.0
1,40,7,312.0,300.0
1,45,5,721.0,70.0
1,35,7,315.0,280.0
1,33,5,831.0,250.0
1,62,4,712.0,150.0
1,29,5,-1.0,170.0
2,27,6,143.0,99.0
2,55,3,826.0,90.0
2,30,5,321.0,70.0
2,24,6,315.0,120.0
2,66,3,911.0,100.0
1,31,5,721.0,200.0
1,46,5,842.0,70.0
2,39,5,421.0,120.0
2,69,2,920.0,20.0
1,26,6,262.0,150.0
1,24,7,120.0,130.0
1,31,7,120.0,175.0
1,28,7,314.0,140.0
1,35,7,712.0,150.0
1,31,6,262.0,100.0
2,30,7,252.0,92.0
2,26,5,315.0,90.0
1,27,5,253.0,90.0
1,63,3,712.0,50.0
2,23,6,512.0,120.0
1,41,4,712.0,70.0
2,35,4,911.0,40.0
1,34,7,-1.0,235.0
2,27,7,156.0,200.0
2,26,7,317.0,100.0
2,20,5,120.0,80.0
1,55,5,712.0,120.0
1,57,8,152.0,380.0
2,38,8,152.0,368.0
1,53,7,152.0,380.0
1,53,4,913.0,185.0
1,43,7,313.0,390.0
1,57,3,712.0,100.0
2,54,2,941.0,80.0
1,43,5,-1.0,150.0
1,24,5,731.0,90.0
1,70,2,826.0,21.0
2,65,2,826.0,21.0
1,17,5,311.0,90.0
1,46,5,313.0,200.0
2,42,5,911.0,90.0
1,46,5,842.0,160.0
2,42,5,411.0,40.0
1,45,8,421.0,50.0
2,44,8,143.0,193.0
2,19,5,422.0,64.0
2,51,6,153.0,430.0
2,50,5,530.0,73.0
1,65,5,316.0,200.0
1,31,6,741.0,200.0
2,44,3,421.0,90.0
1,26,6,980.0,189.0
1,35,7,314.0,165.0
2,35,7,271.0,80.0
1,36,5,815.0,510.0
1,41,5,942.0,290.0
2,41,4,421.0,30.0
1,32,7,237.0,190.0
1,45,3,712.0,200.0
2,24,7,156.0,70.0
2,25,7,512.0,150.0
2,41,5,411.0,100.0
1,33,5,321.0,150.0
2,30,7,315.0,185.0
1,57,4,444.0,245.0
1,27,7,311.0,200.0
1,48,5,731.0,159.0
1,32,7,316.0,223.0
1,43,5,841.0,232.0
2,43,5,315.0,193.0
1,57,7,311.0,300.0
2,46,3,421.0,90.0
1,39,5,712.0,230.0
1,29,7,316.0,237.0
2,33,5,422.0,130.0
1,51,7,131.0,300.0
1,59,4,842.0,130.0
1,30,6,831.0,170.0
1,63,7,173.0,100.0
1,33,5,316.0,430.0
2,38,5,911.0,60.0
1,50,5,842.0,153.0
1,40,5,843.0,254.0
1,37,7,231.0,258.0
1,38,7,120.0,350.0
1,43,6,132.0,456.0
1,41,5,816.0,350.0
1,41,8,153.0,300.0
2,40,6,143.0,178.0
1,46,5,231.0,489.0
2,22,7,156.0,70.0
1,32,6,237.0,180.0
1,39,4,712.0,100.0
2,30,7,152.0,190.0
1,29,6,441.0,171.0
1,29,7,311.0,160.0
1,33,5,843.0,160.0
2,24,5,315.0,120.0
1,54,3,712.0,170.0
2,45,3,751.0,62.0
1,34,8,272.0,50.0
2,54,4,941.0,50.0
2,26,6,271.0,80.0
2,24,6,522.0,89.0
1,47,4,842.0,100.0
2,68,3,911.0,50.0
1,43,5,316.0,186.0
2,41,5,913.0,30.0
2,41,4,911.0,50.0
1,38,5,713.0,166.0
1,43,6,732.0,198.0
1,51,4,714.0,140.0
2,19,6,317.0,30.0
1,66,5,912.0,65.0
1,29,6,316.0,280.0
2,51,3,941.0,85.0
2,27,6,315.0,80.0
1,35,5,843.0,155.0
1,55,5,812.0,407.0
1,25,6,733.0,94.0
1,54,3,712.0,80.0
2,48,3,911.0,40.0
1,63,4,942.0,90.0
1,41,5,441.0,255.0
1,42,5,941.0,150.0
1,32,6,262.0,190.0
1,30,7,511.0,120.0
2,43,4,512.0,70.0
1,50,4,842.0,80.0
1,49,6,23.0,129.0
2,23,5,315.0,80.0
1,72,4,941.0,63.0
1,28,5,812.0,108.0
2,41,3,422.0,80.0
1,19,5,422.0,80.0
1,30,7,120.0,285.0
2,44,4,742.0,68.0
1,27,6,312.0,197.0
1,24,6,843.0,-1.0
2,27,5,317.0,60.0
1,27,5,913.0,150.0
1,33,7,120.0,230.0
1,45,5,829.0,146.0
1,49,5,120.0,200.0
2,45,5,262.0,85.0
2,21,7,252.0,30.0
1,33,5,712.0,150.0
2,27,7,143.0,90.0
1,30,6,842.0,100.0
1,32,5,311.0,145.0
2,30,7,143.0,130.0
1,27,7,262.0,90.0
1,36,6,220.0,190.0
2,35,5,744.0,80.0
1,51,4,323.0,340.0
2,22,7,252.0,40.0
1,53,5,813.0,108.0
2,46,5,831.0,108.0
2,24,5,831.0,142.0
1,60,5,912.0,70.0
2,31,6,252.0,123.0
2,36,7,313.0,155.0
1,35,6,512.0,230.0
1,41,5,842.0,80.0
1,40,7,316.0,210.0
2,38,5,512.0,92.0
1,28,5,711.0,90.0
2,25,6,252.0,65.0
1,31,5,714.0,110.0
1,28,7,315.0,205.0
1,25,5,913.0,110.0
1,35,5,733.0,170.0
2,65,3,513.0,50.0
1,44,4,842.0,40.0
2,42,4,832.0,60.0
1,54,5,443.0,265.0
2,25,7,220.0,166.0
1,40,7,237.0,338.0
2,32,5,252.0,50.0
2,23,7,152.0,110.0
1,45,5,712.0,200.0
2,65,3,421.0,80.0
2,48,3,832.0,73.0
1,46,5,713.0,100.0
2,45,3,512.0,78.0
1,23,6,713.0,100.0
1,26,6,733.0,80.0
2,28,7,252.0,60.0
1,45,5,712.0,98.0
2,43,4,511.0,70.0
1,40,5,844.0,180.0
1,56,4,842.0,180.0
1,47,7,314.0,350.0
2,46,7,153.0,260.0
2,76,2,920.0,10.0
1,39,4,713.0,132.0
2,44,5,421.0,70.0
1,46,5,713.0,150.0
2,43,5,823.0,70.0
1,20,6,282.0,40.0
1,42,7,316.0,178.0
2,40,5,832.0,69.0
2,42,5,422.0,60.0
1,35,5,813.0,195.0
1,31,7,-1.0,193.0
1,38,5,828.0,270.0
1,32,8,132.0,420.0
1,35,5,829.0,235.0
1,47,4,714.0,150.0
1,45,5,832.0,140.0
2,40,5,832.0,70.0
1,44,6,842.0,197.0
2,41,5,421.0,60.0
1,39,5,832.0,230.0
2,35,5,832.0,60.0
1,35,5,237.0,190.0
1,34,6,842.0,185.0
2,30,5,315.0,76.0
1,42,8,152.0,290.0
2,42,7,152.0,300.0
2,25,7,512.0,48.0
2,24,6,312.0,100.0
1,66,3,912.0,74.0
1,31,7,315.0,100.0
1,45,5,421.0,48.0
2,46,4,421.0,70.0
1,40,5,842.0,180.0
2,38,4,826.0,137.0
2,40,4,513.0,180.0
1,42,5,941.0,130.0
2,63,2,915.0,50.0
1,39,4,842.0,97.0
2,27,3,530.0,65.0
1,37,8,152.0,230.0
1,45,5,842.0,215.0
2,42,5,421.0,76.0
2,36,5,315.0,174.0
1,33,6,311.0,115.0
1,24,6,913.0,43.0
1,46,4,313.0,195.0
2,42,4,753.0,80.0
1,36,7,913.0,130.0
2,65,2,422.0,60.0
1,38,6,842.0,150.0
1,44,3,842.0,200.0
2,23,5,412.0,70.0
1,30,8,132.0,250.0
2,49,3,421.0,80.0
2,26,6,315.0,189.0
2,22,6,156.0,70.0
2,24,6,315.0,103.0
1,33,7,511.0,157.0
2,22,5,233.0,130.0
1,45,5,712.0,120.0
1,54,3,914.0,200.0
2,25,6,315.0,78.0
2,25,6,315.0,87.0
2,56,3,421.0,60.0
2,24,6,315.0,80.0
2,44,5,826.0,76.0
2,61,2,831.0,50.0
2,64,3,920.0,15.0
1,33,5,832.0,170.0
2,51,4,911.0,80.0
1,28,5,713.0,185.0
1,26,5,241.0,139.0
2,44,4,832.0,106.0
2,18,5,315.0,85.0
1,29,6,132.0,150.0
2,26,6,-1.0,85.0
1,25,5,842.0,96.0
1,28,5,316.0,115.0
1,32,3,914.0,52.0
1,45,6,23.0,229.0
2,41,5,832.0,59.0
1,40,5,733.0,100.0
2,41,5,826.0,81.0
2,65,2,920.0,30.0
2,22,5,315.0,70.0
1,41,5,712.0,150.0
1,30,7,-1.0,230.0
2,26,7,311.0,88.0
2,24,7,242.0,145.0
1,51,4,913.0,270.0
1,41,5,733.0,150.0
2,37,6,321.0,174.0
1,43,6,316.0,250.0
1,46,7,315.0,226.0
2,39,6,512.0,245.0
1,29,7,311.0,100.0
2,25,6,512.0,80.0
2,23,8,252.0,50.0
1,27,6,316.0,104.0
2,70,3,911.0,15.0
1,27,7,220.0,175.0
1,26,7,156.0,70.0
2,52,4,829.0,80.0
2,22,5,751.0,80.0
1,47,5,842.0,250.0
1,28,5,512.0,100.0
1,32,7,263.0,200.0
2,26,5,311.0,130.0
1,24,6,233.0,115.0
1,39,4,842.0,155.0
2,41,5,911.0,100.0
1,46,5,311.0,340.0
2,39,5,411.0,55.0
1,50,4,821.0,300.0
2,64,2,911.0,48.0
1,37,8,111.0,250.0
1,39,5,733.0,360.0
1,48,5,313.0,292.0
1,34,7,316.0,247.0
1,35,6,913.0,170.0
1,36,7,263.0,270.0
1,46,5,311.0,408.0
1,38,8,152.0,288.0
1,28,5,231.0,100.0
1,28,5,316.0,145.0
1,31,5,733.0,215.0
1,55,5,512.0,200.0
2,23,7,314.0,137.0
2,29,7,153.0,195.0
1,58,5,316.0,120.0
1,64,3,911.0,145.0
1,31,6,234.0,245.0
2,29,6,311.0,197.0
2,54,4,911.0,30.0
1,29,7,132.0,260.0
1,53,7,829.0,140.0
2,20,7,512.0,30.0
1,45,4,182.0,264.0
1,49,7,315.0,485.0
1,39,5,293.0,227.0
1,38,5,831.0,290.0
2,30,6,252.0,103.0
1,40,7,316.0,403.0
1,56,7,23.0,290.0
1,31,7,132.0,340.0
1,46,9,151.0,610.0
1,52,5,313.0,385.0
1,44,5,831.0,306.0
1,45,5,821.0,297.0
1,38,8,133.0,367.0
2,21,5,241.0,100.0
1,61,3,-1.0,108.0
1,30,5,821.0,128.0
1,39,7,316.0,260.0
1,33,5,831.0,327.0
1,54,3,831.0,158.0
1,24,5,821.0,158.0
2,22,6,315.0,74.0
2,28,7,313.0,108.0
2,50,3,421.0,60.0
1,25,6,821.0,84.0
2,32,7,182.0,177.0
1,48,4,821.0,160.0
2,47,4,832.0,60.0
1,49,3,842.0,177.0
2,41,3,829.0,60.0
2,30,5,315.0,108.0
2,26,5,315.0,99.0
1,33,6,512.0,147.0
1,36,5,721.0,150.0
1,57,8,23.0,325.0
1,27,7,132.0,240.0
2,43,5,911.0,50.0
2,30,7,253.0,99.0
1,45,4,721.0,150.0
2,44,4,832.0,79.0
1,39,7,156.0,350.0
1,52,4,941.0,80.0
2,49,4,832.0,79.0
2,41,5,421.0,80.0
2,51,3,911.0,52.0
1,40,7,314.0,270.0
1,25,5,821.0,80.0
1,49,4,751.0,148.0
1,25,6,237.0,114.0
2,24,6,315.0,100.0
1,28,6,512.0,80.0
2,35,5,-1.0,197.0
1,37,5,316.0,200.0
2,25,7,120.0,148.0
2,24,7,156.0,79.0
1,55,5,816.0,99.0
1,26,7,262.0,247.0
2,36,5,832.0,50.0
1,50,5,712.0,242.0
2,42,4,930.0,79.0
1,24,6,317.0,89.0
2,29,6,411.0,60.0
2,24,6,271.0,78.0
2,32,5,513.0,50.0
1,29,5,442.0,210.0
1,27,6,513.0,55.0
1,50,5,842.0,143.0
2,52,5,313.0,244.0
1,37,8,23.0,278.0
2,34,7,321.0,124.0
1,41,4,712.0,240.0
1,29,6,235.0,194.0
1,59,5,912.0,80.0
2,30,5,183.0,78.0
2,28,7,152.0,192.0
1,25,6,913.0,124.0
1,40,6,315.0,220.0
1,37,7,930.0,89.0
2,34,7,154.0,60.0
2,52,3,911.0,50.0
1,26,4,941.0,130.0
1,46,5,913.0,145.0
1,43,4,843.0,126.0
1,54,4,813.0,160.0
1,44,5,842.0,109.0
1,44,5,513.0,145.0
2,41,5,911.0,50.0
1,19,6,415.0,50.0
1,50,4,842.0,88.0
2,48,4,911.0,60.0
2,21,6,415.0,130.0
1,45,7,152.0,295.0
2,42,6,242.0,227.0
1,32,4,941.0,100.0
2,32,5,421.0,45.0
1,38,7,314.0,195.0
2,33,7,441.0,175.0
1,28,7,317.0,110.0
1,38,7,152.0,243.0
2,32,7,145.0,175.0
2,53,7,241.0,77.0
1,40,6,293.0,242.0
2,50,3,421.0,60.0
1,28,7,511.0,218.0
1,26,6,132.0,126.0
1,56,5,731.0,290.0
1,27,6,733.0,124.0
2,23,6,271.0,69.0
1,45,7,293.0,290.0
2,24,4,412.0,120.0
1,35,4,731.0,150.0
1,32,5,-1.0,203.0
1,47,7,161.0,276.0
1,38,5,714.0,217.0
1,33,5,721.0,148.0
1,33,4,721.0,208.0
2,30,5,911.0,70.0
2,37,6,241.0,100.0
1,42,5,816.0,217.0
1,36,4,236.0,200.0
2,33,5,512.0,80.0
1,36,5,843.0,158.0
1,44,3,752.0,149.0
1,60,4,912.0,85.0
1,31,7,841.0,169.0
1,29,5,912.0,80.0
1,57,5,816.0,60.0
1,34,6,827.0,130.0
1,40,3,814.0,109.0
2,39,3,826.0,79.0
1,43,5,712.0,150.0
2,39,5,823.0,65.0
2,24,4,412.0,110.0
2,28,5,315.0,139.0
1,32,5,812.0,149.0
2,24,5,241.0,99.0
2,20,5,315.0,69.0
1,34,6,741.0,245.0
1,38,7,152.0,320.0
2,33,7,152.0,250.0
1,51,4,721.0,79.0
2,52,3,751.0,69.0
2,29,6,311.0,99.0
2,27,7,323.0,119.0
1,43,5,316.0,198.0
2,23,6,317.0,65.0
2,26,6,183.0,120.0
1,36,5,913.0,100.0
1,49,3,731.0,85.0
1,41,5,316.0,218.0
1,56,4,237.0,148.0
1,27,5,713.0,120.0
1,35,5,721.0,300.0
1,41,6,311.0,198.0
1,41,5,511.0,120.0
2,39,5,513.0,150.0
1,56,4,912.0,74.0
2,55,3,721.0,40.0
2,64,2,920.0,60.0
1,32,6,941.0,100.0
1,29,5,842.0,178.0
1,57,3,630.0,50.0
2,55,3,920.0,50.0
1,33,6,733.0,175.0
1,28,5,732.0,199.0
1,31,5,832.0,150.0
2,35,3,913.0,110.0
1,46,5,911.0,207.0
1,31,5,512.0,105.0
2,69,3,751.0,79.0
1,60,3,941.0,130.0
2,62,3,911.0,60.0
2,26,6,156.0,129.0
1,25,6,237.0,139.0
2,55,3,826.0,79.0
2,31,5,315.0,107.0
1,28,5,444.0,120.0
1,26,5,318.0,90.0
1,23,5,831.0,69.0
2,26,6,316.0,110.0
2,25,7,152.0,197.0
1,33,7,313.0,118.0
1,38,7,313.0,148.0
2,32,5,911.0,30.0
2,49,3,713.0,129.0
1,22,5,721.0,94.0
1,43,6,315.0,200.0
1,47,3,721.0,158.0
1,37,5,721.0,178.0
1,68,3,712.0,130.0
1,23,6,242.0,160.0
1,27,7,132.0,210.0
1,57,5,311.0,218.0
2,54,4,421.0,119.0
1,33,6,30.0,193.0
2,33,6,252.0,80.0
2,25,7,156.0,100.0
1,30,7,315.0,198.0
2,36,7,153.0,178.0
1,33,7,311.0,160.0
1,23,7,915.0,50.0
2,21,5,315.0,70.0
1,48,5,733.0,158.0
2,45,5,512.0,80.0
1,34,7,131.0,250.0
1,53,6,714.0,100.0
2,26,7,183.0,130.0
1,36,6,262.0,345.0
1,53,4,941.0,150.0
1,35,5,913.0,135.0
1,24,5,220.0,115.0
1,23,7,422.0,50.0
1,38,7,314.0,350.0
1,35,7,120.0,230.0
1,32,6,311.0,250.0
1,32,5,321.0,200.0
1,41,4,942.0,100.0
1,34,7,183.0,280.0
2,33,6,143.0,220.0
2,32,7,313.0,200.0
1,33,7,-1.0,300.0
1,32,7,312.0,168.0
1,34,7,313.0,200.0
1,32,5,511.0,180.0
1,33,7,831.0,120.0
1,36,7,733.0,190.0
1,31,5,-1.0,127.0
1,33,7,816.0,243.0
1,34,6,311.0,160.0
1,32,6,316.0,129.0
1,42,5,816.0,190.0
1,41,7,841.0,253.0
2,28,5,143.0,87.0
1,32,5,30.0,200.0
2,30,5,321.0,-1.0
1,34,6,829.0,110.0
2,32,5,315.0,124.0
2,31,6,292.0,130.0
2,29,7,152.0,99.0
1,32,5,753.0,150.0
1,40,6,733.0,250.0
1,34,7,165.0,220.0
1,40,7,156.0,200.0
1,31,6,316.0,186.0
1,32,5,263.0,200.0
1,30,5,317.0,148.0
1,33,7,132.0,195.0
1,33,5,822.0,185.0
1,31,7,732.0,192.0
1,36,6,732.0,140.0
1,36,7,315.0,300.0
1,31,7,980.0,191.0
1,35,7,133.0,185.0
1,31,5,913.0,200.0
1,29,5,316.0,175.0
2,32,6,235.0,327.0
1,40,7,913.0,150.0
1,33,6,432.0,160.0
1,36,6,815.0,230.0
1,34,5,733.0,160.0
1,34,5,831.0,330.0
2,30,6,315.0,110.0
1,33,7,262.0,270.0
1,35,7,120.0,375.0
2,34,7,156.0,80.0
1,32,8,153.0,228.0
2,31,5,512.0,105.0
1,34,7,161.0,400.0
1,30,6,-1.0,158.0
2,32,6,311.0,60.0
1,31,5,843.0,175.0
1,34,7,132.0,250.0
2,30,6,154.0,45.0
1,37,6,844.0,149.0
1,28,6,262.0,135.0
2,30,6,321.0,128.0
1,33,5,441.0,198.0
1,30,6,262.0,120.0
2,29,7,145.0,221.0
1,32,5,731.0,228.0
1,33,6,316.0,250.0
1,32,7,441.0,230.0
2,30,5,321.0,233.0
1,31,7,315.0,270.0
1,35,7,171.0,198.0
1,24,5,721.0,150.0
1,30,5,732.0,125.0
1,32,7,312.0,198.0
1,34,6,422.0,150.0
1,30,5,942.0,97.0
1,29,5,212.0,127.0
1,30,7,152.0,240.0
1,33,7,282.0,214.0
1,33,7,311.0,300.0
2,32,6,315.0,200.0
2,29,7,314.0,307.0
1,35,7,316.0,198.0
1,30,6,262.0,127.0
1,42,6,842.0,147.0
1,38,5,833.0,116.0
1,32,5,731.0,-1.0
2,29,7,154.0,70.0
1,33,8,151.0,275.0
1,32,7,311.0,200.0
2,34,7,131.0,220.0
1,26,5,444.0,200.0
1,30,5,131.0,180.0
1,29,6,513.0,80.0
2,26,5,323.0,130.0
1,30,7,262.0,180.0
1,35,7,441.0,250.0
1,32,5,316.0,210.0
1,34,9,141.0,640.0
2,28,6,831.0,99.0
1,25,5,913.0,120.0
2,30,6,271.0,50.0
2,44,3,422.0,120.0
1,28,5,832.0,262.0
1,33,5,120.0,200.0
1,36,6,316.0,340.0
2,30,5,512.0,110.0
1,33,7,316.0,242.0
1,31,6,512.0,200.0
1,36,7,156.0,110.0
1,31,7,141.0,200.0
2,30,7,530.0,90.0
1,33,7,712.0,190.0
1,31,7,120.0,300.0
1,35,7,252.0,32.0
1,36,5,721.0,150.0
1,31,7,511.0,190.0
2,29,6,321.0,300.0
2,26,5,315.0,70.0
1,34,7,262.0,400.0
2,31,7,153.0,180.0
1,34,5,615.0,200.0
2,30,5,317.0,157.0
1,31,7,131.0,150.0
1,43,7,842.0,250.0
2,28,5,262.0,117.0
1,32,8,173.0,53.0
2,30,7,315.0,59.0
1,36,6,733.0,197.0
1,33,5,821.0,100.0
1,32,7,131.0,295.0
1,32,6,733.0,186.0
1,34,8,156.0,200.0
2,29,5,322.0,100.0
1,37,5,511.0,170.0
1,27,5,831.0,170.0
1,31,7,135.0,240.0
1,35,7,311.0,300.0
1,35,6,511.0,148.0
1,32,6,713.0,140.0
1,33,7,132.0,190.0
1,30,6,731.0,148.0
2,30,7,312.0,212.0
1,29,7,316.0,150.0
1,34,8,156.0,110.0
1,33,6,980.0,240.0
1,38,5,829.0,130.0
1,33,8,157.0,170.0
2,30,5,512.0,240.0
2,30,7,323.0,116.0
1,36,7,312.0,194.0
2,26,7,721.0,70.0
1,33,7,120.0,195.0
1,28,8,141.0,215.0
2,27,7,315.0,120.0
2,28,6,412.0,-1.0
1,33,8,120.0,182.0
1,35,5,511.0,128.0
2,30,7,313.0,150.0
1,29,5,713.0,150.0
2,36,5,421.0,150.0
1,29,7,231.0,223.0
1,33,5,744.0,100.0
1,32,7,313.0,210.0
1,36,5,821.0,143.0
1,36,7,293.0,204.0
2,22,5,930.0,70.0
1,30,5,311.0,115.0
1,32,5,733.0,246.0
1,29,7,312.0,169.0
1,32,7,132.0,210.0
1,33,5,316.0,200.0
1,31,4,132.0,270.0
1,33,9,151.0,286.0
1,32,7,120.0,283.0
1,28,7,141.0,212.0
1,33,5,829.0,200.0
1,32,5,742.0,90.0
1,30,7,134.0,195.0
1,33,5,712.0,200.0
2,30,5,241.0,140.0
1,30,7,237.0,255.0
1,33,8,141.0,230.0
2,30,5,315.0,170.0
1,33,8,182.0,162.0
1,35,8,120.0,261.0
1,28,6,262.0,190.0
2,32,8,156.0,285.0
1,36,4,941.0,120.0
1,31,7,312.0,220.0
2,34,6,292.0,188.0
1,30,5,234.0,210.0
1,31,6,235.0,270.0
1,29,5,823.0,180.0
2,29,6,235.0,184.0
1,30,7,120.0,210.0
1,28,5,913.0,70.0
2,30,5,315.0,130.0
1,30,7,313.0,193.0
1,27,5,843.0,196.0
1,25,5,815.0,138.0
1,33,7,713.0,195.0
2,29,6,154.0,90.0
2,36,7,153.0,-1.0
1,36,7,262.0,150.0
1,32,6,314.0,195.0
1,31,6,262.0,199.0
1,34,7,311.0,178.0
2,28,6,315.0,118.0
1,30,7,314.0,186.0
2,28,7,120.0,160.0
1,35,7,316.0,300.0
1,27,6,316.0,130.0
1,29,6,316.0,180.0
1,32,8,151.0,65.0
1,30,5,262.0,149.0
2,28,7,144.0,175.0
2,31,7,220.0,190.0
1,32,5,842.0,108.0
2,26,6,311.0,120.0
1,31,7,513.0,490.0
2,29,5,143.0,110.0
1,26,7,315.0,-1.0
2,43,4,911.0,60.0
1,28,7,315.0,178.0
1,25,6,232.0,160.0
1,30,7,511.0,107.0
1,32,5,314.0,150.0
1,33,7,316.0,325.0
1,30,7,162.0,265.0
2,27,7,315.0,250.0
1,34,6,134.0,247.0
1,31,6,441.0,225.0
1,29,5,512.0,140.0
1,31,7,23.0,272.0
1,25,5,843.0,140.0
2,28,6,183.0,130.0
2,33,5,315.0,190.0
1,31,7,311.0,190.0
2,24,7,318.0,100.0
1,32,7,112.0,184.0
1,31,6,314.0,195.0
2,31,7,152.0,190.0
1,29,6,263.0,150.0
1,30,7,262.0,119.0
1,27,4,712.0,80.0
1,36,5,913.0,120.0
1,35,5,831.0,177.0
2,28,5,252.0,100.0
1,24,5,733.0,72.0
1,32,6,512.0,160.0
1,30,7,156.0,139.0
2,27,6,315.0,192.0
1,48,5,713.0,160.0
1,59,3,941.0,100.0
1,34,6,731.0,186.0
1,28,5,826.0,105.0
1,30,5,831.0,320.0
1,31,5,282.0,200.0
2,30,7,156.0,120.0
1,30,7,312.0,280.0
1,27,5,827.0,110.0
1,29,6,311.0,160.0
1,30,5,512.0,300.0
1,26,5,829.0,205.0
1,31,7,311.0,140.0
1,27,6,733.0,150.0
1,32,5,262.0,150.0
1,35,7,262.0,174.0
2,29,6,315.0,147.0
1,31,7,152.0,200.0
1,57,3,712.0,150.0
2,26,5,315.0,85.0
1,30,7,512.0,230.0
2,25,7,317.0,128.0
1,34,7,315.0,270.0
1,33,7,314.0,260.0
1,33,5,721.0,180.0
1,26,5,821.0,188.0
1,32,6,421.0,180.0
2,27,7,145.0,198.0
1,32,9,151.0,82.0
2,28,6,311.0,110.0
1,26,7,980.0,240.0
1,33,7,252.0,-1.0
1,28,6,314.0,140.0
1,25,7,829.0,150.0
2,28,5,311.0,70.0
1,27,7,312.0,242.0
2,36,8,271.0,140.0
1,28,7,262.0,148.0
1,21,5,733.0,113.0
1,32,7,315.0,262.0
1,32,7,293.0,145.0
1,32,6,732.0,176.0
1,30,7,316.0,200.0
1,30,7,183.0,240.0
1,31,7,311.0,200.0
1,37,7,23.0,360.0
1,29,6,282.0,100.0
1,32,6,316.0,198.0
1,25,7,252.0,120.0
1,34,7,131.0,200.0
1,33,6,315.0,210.0
1,29,5,30.0,150.0
2,27,6,751.0,97.0
1,30,5,713.0,180.0
1,27,5,731.0,192.0
1,33,7,441.0,235.0
2,28,6,183.0,34.0
